[{"comment_id":1,"created_by":4,"post":68,"text":"Etiam justo.","created_at":"2021-01-30"},
{"comment_id":2,"created_by":9,"post":92,"text":"Suspendisse ornare consequat lectus. In est risus, auctor sed, tristique in, tempus sit amet, sem. Fusce consequat.","created_at":"2021-10-20"},
{"comment_id":3,"created_by":7,"post":69,"text":"Mauris ullamcorper purus sit amet nulla. Quisque arcu libero, rutrum ac, lobortis vel, dapibus at, diam. Nam tristique tortor eu pede.","created_at":"2023-10-14"},
{"comment_id":4,"created_by":1,"post":95,"text":"Aenean lectus.","created_at":"2021-03-04"},
{"comment_id":5,"created_by":10,"post":42,"text":"Suspendisse potenti.","created_at":"2023-08-03"},
{"comment_id":6,"created_by":8,"post":72,"text":"Pellentesque eget nunc.","created_at":"2021-11-01"},
{"comment_id":7,"created_by":4,"post":30,"text":"Etiam pretium iaculis justo.","created_at":"2020-06-15"},
{"comment_id":8,"created_by":5,"post":52,"text":"Duis consequat dui nec nisi volutpat eleifend.","created_at":"2019-11-27"},
{"comment_id":9,"created_by":10,"post":82,"text":"Fusce consequat.","created_at":"2019-07-04"},
{"comment_id":10,"created_by":1,"post":97,"text":"Integer a nibh. In quis justo.","created_at":"2024-04-23"},
{"comment_id":11,"created_by":3,"post":75,"text":"Nulla justo.","created_at":"2020-07-27"},
{"comment_id":12,"created_by":7,"post":48,"text":"Vestibulum quam sapien, varius ut, blandit non, interdum in, ante.","created_at":"2023-03-24"},
{"comment_id":13,"created_by":10,"post":92,"text":"Nulla mollis molestie lorem. Quisque ut erat. Curabitur gravida nisi at nibh.","created_at":"2020-06-27"},
{"comment_id":14,"created_by":6,"post":69,"text":"Curabitur at ipsum ac tellus semper interdum. Mauris ullamcorper purus sit amet nulla. Quisque arcu libero, rutrum ac, lobortis vel, dapibus at, diam.","created_at":"2023-09-25"},
{"comment_id":15,"created_by":2,"post":10,"text":"Morbi sem mauris, laoreet ut, rhoncus aliquet, pulvinar sed, nisl.","created_at":"2020-07-08"},
{"comment_id":16,"created_by":3,"post":99,"text":"Integer aliquet, massa id lobortis convallis, tortor risus dapibus augue, vel accumsan tellus nisi eu orci. Mauris lacinia sapien quis libero.","created_at":"2022-10-26"},
{"comment_id":17,"created_by":5,"post":65,"text":"Duis bibendum. Morbi non quam nec dui luctus rutrum. Nulla tellus.","created_at":"2021-11-22"},
{"comment_id":18,"created_by":7,"post":15,"text":"Morbi ut odio. Cras mi pede, malesuada in, imperdiet et, commodo vulputate, justo.","created_at":"2020-05-10"},
{"comment_id":19,"created_by":3,"post":47,"text":"Aliquam quis turpis eget elit sodales scelerisque. Mauris sit amet eros. Suspendisse accumsan tortor quis turpis.","created_at":"2023-04-14"},
{"comment_id":20,"created_by":4,"post":87,"text":"Vivamus in felis eu sapien cursus vestibulum. Proin eu mi. Nulla ac enim.","created_at":"2019-01-13"},
{"comment_id":21,"created_by":5,"post":16,"text":"Integer tincidunt ante vel ipsum.","created_at":"2021-01-29"},
{"comment_id":22,"created_by":9,"post":49,"text":"Nulla facilisi. Cras non velit nec nisi vulputate nonummy.","created_at":"2023-07-17"},
{"comment_id":23,"created_by":2,"post":23,"text":"In sagittis dui vel nisl.","created_at":"2021-06-29"},
{"comment_id":24,"created_by":1,"post":21,"text":"Fusce congue, diam id ornare imperdiet, sapien urna pretium nisl, ut volutpat sapien arcu sed augue. Aliquam erat volutpat.","created_at":"2021-01-23"},
{"comment_id":25,"created_by":5,"post":49,"text":"Donec dapibus. Duis at velit eu est congue elementum. In hac habitasse platea dictumst.","created_at":"2023-08-13"},
{"comment_id":26,"created_by":10,"post":51,"text":"Quisque ut erat. Curabitur gravida nisi at nibh. In hac habitasse platea dictumst.","created_at":"2024-01-04"},
{"comment_id":27,"created_by":7,"post":53,"text":"Quisque id justo sit amet sapien dignissim vestibulum. Vestibulum ante ipsum primis in faucibus orci luctus et ultrices posuere cubilia Curae; Nulla dapibus dolor vel est.","created_at":"2019-10-16"},
{"comment_id":28,"created_by":2,"post":2,"text":"Duis aliquam convallis nunc.","created_at":"2019-01-25"},
{"comment_id":29,"created_by":9,"post":37,"text":"Etiam vel augue. Vestibulum rutrum rutrum neque. Aenean auctor gravida sem.","created_at":"2019-07-09"},
{"comment_id":30,"created_by":4,"post":91,"text":"Phasellus in felis. Donec semper sapien a libero. Nam dui.","created_at":"2021-12-11"},
{"comment_id":31,"created_by":4,"post":30,"text":"Quisque arcu libero, rutrum ac, lobortis vel, dapibus at, diam.","created_at":"2020-11-02"},
{"comment_id":32,"created_by":2,"post":14,"text":"Nullam orci pede, venenatis non, sodales sed, tincidunt eu, felis. Fusce posuere felis sed lacus. Morbi sem mauris, laoreet ut, rhoncus aliquet, pulvinar sed, nisl.","created_at":"2023-08-17"},
{"comment_id":33,"created_by":5,"post":10,"text":"Vestibulum ante ipsum primis in faucibus orci luctus et ultrices posuere cubilia Curae; Duis faucibus accumsan odio. Curabitur convallis.","created_at":"2023-10-21"},
{"comment_id":34,"created_by":8,"post":39,"text":"Donec diam neque, vestibulum eget, vulputate ut, ultrices vel, augue.","created_at":"2023-07-17"},
{"comment_id":35,"created_by":7,"post":32,"text":"Praesent id massa id nisl venenatis lacinia. Aenean sit amet justo.","created_at":"2020-03-14"},
{"comment_id":36,"created_by":9,"post":4,"text":"Maecenas pulvinar lobortis est. Phasellus sit amet erat.","created_at":"2024-04-15"},
{"comment_id":37,"created_by":10,"post":91,"text":"Nulla ut erat id mauris vulputate elementum.","created_at":"2023-01-28"},
{"comment_id":38,"created_by":9,"post":61,"text":"Duis bibendum. Morbi non quam nec dui luctus rutrum. Nulla tellus.","created_at":"2021-09-23"},
{"comment_id":39,"created_by":1,"post":20,"text":"Nulla nisl.","created_at":"2021-07-28"},
{"comment_id":40,"created_by":4,"post":64,"text":"Ut tellus.","created_at":"2021-07-13"},
{"comment_id":41,"created_by":6,"post":4,"text":"Curabitur convallis. Duis consequat dui nec nisi volutpat eleifend. Donec ut dolor.","created_at":"2020-03-11"},
{"comment_id":42,"created_by":5,"post":23,"text":"In hac habitasse platea dictumst. Etiam faucibus cursus urna.","created_at":"2020-03-15"},
{"comment_id":43,"created_by":8,"post":79,"text":"Donec ut mauris eget massa tempor convallis. Nulla neque libero, convallis eget, eleifend luctus, ultricies eu, nibh. Quisque id justo sit amet sapien dignissim vestibulum.","created_at":"2023-04-12"},
{"comment_id":44,"created_by":5,"post":57,"text":"Nulla tellus.","created_at":"2019-07-18"},
{"comment_id":45,"created_by":2,"post":68,"text":"Morbi porttitor lorem id ligula. Suspendisse ornare consequat lectus. In est risus, auctor sed, tristique in, tempus sit amet, sem.","created_at":"2019-03-06"},
{"comment_id":46,"created_by":9,"post":64,"text":"Suspendisse potenti.","created_at":"2023-01-25"},
{"comment_id":47,"created_by":3,"post":55,"text":"Suspendisse potenti. Nullam porttitor lacus at turpis. Donec posuere metus vitae ipsum.","created_at":"2023-09-13"},
{"comment_id":48,"created_by":6,"post":37,"text":"Sed ante.","created_at":"2019-02-14"},
{"comment_id":49,"created_by":2,"post":49,"text":"Cras in purus eu magna vulputate luctus.","created_at":"2019-01-18"},
{"comment_id":50,"created_by":6,"post":42,"text":"In hac habitasse platea dictumst.","created_at":"2023-07-25"},
{"comment_id":51,"created_by":4,"post":28,"text":"Quisque arcu libero, rutrum ac, lobortis vel, dapibus at, diam. Nam tristique tortor eu pede.","created_at":"2019-01-03"},
{"comment_id":52,"created_by":9,"post":95,"text":"Nam ultrices, libero non mattis pulvinar, nulla pede ullamcorper augue, a suscipit nulla elit ac nulla.","created_at":"2020-12-16"},
{"comment_id":53,"created_by":10,"post":22,"text":"Duis mattis egestas metus. Aenean fermentum. Donec ut mauris eget massa tempor convallis.","created_at":"2020-03-12"},
{"comment_id":54,"created_by":3,"post":50,"text":"Vestibulum ante ipsum primis in faucibus orci luctus et ultrices posuere cubilia Curae; Nulla dapibus dolor vel est. Donec odio justo, sollicitudin ut, suscipit a, feugiat et, eros. Vestibulum ac est lacinia nisi venenatis tristique.","created_at":"2019-12-02"},
{"comment_id":55,"created_by":7,"post":58,"text":"In hac habitasse platea dictumst. Maecenas ut massa quis augue luctus tincidunt. Nulla mollis molestie lorem.","created_at":"2021-08-11"},
{"comment_id":56,"created_by":2,"post":43,"text":"Quisque porta volutpat erat.","created_at":"2022-10-10"},
{"comment_id":57,"created_by":6,"post":100,"text":"Fusce posuere felis sed lacus. Morbi sem mauris, laoreet ut, rhoncus aliquet, pulvinar sed, nisl.","created_at":"2020-09-09"},
{"comment_id":58,"created_by":1,"post":3,"text":"Maecenas tincidunt lacus at velit. Vivamus vel nulla eget eros elementum pellentesque. Quisque porta volutpat erat.","created_at":"2020-09-08"},
{"comment_id":59,"created_by":3,"post":99,"text":"Pellentesque ultrices mattis odio. Donec vitae nisi.","created_at":"2020-05-05"},
{"comment_id":60,"created_by":8,"post":57,"text":"Donec posuere metus vitae ipsum.","created_at":"2021-07-03"},
{"comment_id":61,"created_by":1,"post":19,"text":"In congue.","created_at":"2019-01-01"},
{"comment_id":62,"created_by":6,"post":29,"text":"Vestibulum ante ipsum primis in faucibus orci luctus et ultrices posuere cubilia Curae; Mauris viverra diam vitae quam. Suspendisse potenti.","created_at":"2021-05-27"},
{"comment_id":63,"created_by":3,"post":60,"text":"Quisque arcu libero, rutrum ac, lobortis vel, dapibus at, diam. Nam tristique tortor eu pede.","created_at":"2023-09-24"},
{"comment_id":64,"created_by":7,"post":67,"text":"Donec diam neque, vestibulum eget, vulputate ut, ultrices vel, augue. Vestibulum ante ipsum primis in faucibus orci luctus et ultrices posuere cubilia Curae; Donec pharetra, magna vestibulum aliquet ultrices, erat tortor sollicitudin mi, sit amet lobortis sapien sapien non mi.","created_at":"2021-09-24"},
{"comment_id":65,"created_by":8,"post":36,"text":"Morbi ut odio.","created_at":"2020-11-04"},
{"comment_id":66,"created_by":4,"post":33,"text":"Cras mi pede, malesuada in, imperdiet et, commodo vulputate, justo.","created_at":"2021-10-11"},
{"comment_id":67,"created_by":7,"post":76,"text":"Duis consequat dui nec nisi volutpat eleifend. Donec ut dolor.","created_at":"2020-08-02"},
{"comment_id":68,"created_by":6,"post":74,"text":"Donec ut dolor.","created_at":"2019-01-26"},
{"comment_id":69,"created_by":4,"post":50,"text":"In hac habitasse platea dictumst.","created_at":"2022-03-11"},
{"comment_id":70,"created_by":2,"post":6,"text":"Mauris sit amet eros. Suspendisse accumsan tortor quis turpis.","created_at":"2024-04-15"},
{"comment_id":71,"created_by":1,"post":49,"text":"Vestibulum sed magna at nunc commodo placerat. Praesent blandit.","created_at":"2019-11-14"},
{"comment_id":72,"created_by":5,"post":52,"text":"Aliquam augue quam, sollicitudin vitae, consectetuer eget, rutrum at, lorem. Integer tincidunt ante vel ipsum. Praesent blandit lacinia erat.","created_at":"2021-12-20"},
{"comment_id":73,"created_by":9,"post":81,"text":"Quisque arcu libero, rutrum ac, lobortis vel, dapibus at, diam. Nam tristique tortor eu pede.","created_at":"2020-02-02"},
{"comment_id":74,"created_by":8,"post":40,"text":"Suspendisse potenti. In eleifend quam a odio. In hac habitasse platea dictumst.","created_at":"2022-06-25"},
{"comment_id":75,"created_by":3,"post":87,"text":"Suspendisse potenti.","created_at":"2022-05-07"},
{"comment_id":76,"created_by":5,"post":17,"text":"Nulla neque libero, convallis eget, eleifend luctus, ultricies eu, nibh. Quisque id justo sit amet sapien dignissim vestibulum. Vestibulum ante ipsum primis in faucibus orci luctus et ultrices posuere cubilia Curae; Nulla dapibus dolor vel est.","created_at":"2021-02-05"},
{"comment_id":77,"created_by":10,"post":95,"text":"Nulla mollis molestie lorem. Quisque ut erat. Curabitur gravida nisi at nibh.","created_at":"2022-02-21"},
{"comment_id":78,"created_by":4,"post":100,"text":"Integer tincidunt ante vel ipsum.","created_at":"2020-10-15"},
{"comment_id":79,"created_by":10,"post":34,"text":"Maecenas rhoncus aliquam lacus. Morbi quis tortor id nulla ultrices aliquet. Maecenas leo odio, condimentum id, luctus nec, molestie sed, justo.","created_at":"2019-10-12"},
{"comment_id":80,"created_by":4,"post":67,"text":"Curabitur convallis. Duis consequat dui nec nisi volutpat eleifend.","created_at":"2023-11-17"},
{"comment_id":81,"created_by":1,"post":46,"text":"Integer tincidunt ante vel ipsum.","created_at":"2022-10-20"},
{"comment_id":82,"created_by":6,"post":44,"text":"Praesent id massa id nisl venenatis lacinia. Aenean sit amet justo.","created_at":"2023-03-06"},
{"comment_id":83,"created_by":9,"post":10,"text":"Cum sociis natoque penatibus et magnis dis parturient montes, nascetur ridiculus mus. Etiam vel augue.","created_at":"2022-06-30"},
{"comment_id":84,"created_by":2,"post":92,"text":"Pellentesque at nulla. Suspendisse potenti.","created_at":"2022-02-08"},
{"comment_id":85,"created_by":3,"post":15,"text":"Donec odio justo, sollicitudin ut, suscipit a, feugiat et, eros. Vestibulum ac est lacinia nisi venenatis tristique.","created_at":"2021-04-26"},
{"comment_id":86,"created_by":10,"post":6,"text":"Maecenas leo odio, condimentum id, luctus nec, molestie sed, justo. Pellentesque viverra pede ac diam.","created_at":"2020-07-28"},
{"comment_id":87,"created_by":4,"post":4,"text":"Donec ut dolor. Morbi vel lectus in quam fringilla rhoncus. Mauris enim leo, rhoncus sed, vestibulum sit amet, cursus id, turpis.","created_at":"2020-01-18"},
{"comment_id":88,"created_by":5,"post":70,"text":"Nulla suscipit ligula in lacus. Curabitur at ipsum ac tellus semper interdum.","created_at":"2019-05-09"},
{"comment_id":89,"created_by":7,"post":71,"text":"Integer aliquet, massa id lobortis convallis, tortor risus dapibus augue, vel accumsan tellus nisi eu orci. Mauris lacinia sapien quis libero. Nullam sit amet turpis elementum ligula vehicula consequat.","created_at":"2020-06-29"},
{"comment_id":90,"created_by":8,"post":98,"text":"Donec quis orci eget orci vehicula condimentum. Curabitur in libero ut massa volutpat convallis. Morbi odio odio, elementum eu, interdum eu, tincidunt in, leo.","created_at":"2019-03-09"},
{"comment_id":91,"created_by":7,"post":54,"text":"Nunc nisl.","created_at":"2023-06-22"},
{"comment_id":92,"created_by":6,"post":26,"text":"Praesent blandit.","created_at":"2020-10-05"},
{"comment_id":93,"created_by":2,"post":72,"text":"Aliquam quis turpis eget elit sodales scelerisque.","created_at":"2022-04-24"},
{"comment_id":94,"created_by":5,"post":46,"text":"Vivamus tortor. Duis mattis egestas metus. Aenean fermentum.","created_at":"2019-07-31"},
{"comment_id":95,"created_by":4,"post":61,"text":"Nunc purus.","created_at":"2019-05-24"},
{"comment_id":96,"created_by":1,"post":31,"text":"Morbi sem mauris, laoreet ut, rhoncus aliquet, pulvinar sed, nisl. Nunc rhoncus dui vel sem.","created_at":"2021-04-11"},
{"comment_id":97,"created_by":7,"post":22,"text":"Sed sagittis. Nam congue, risus semper porta volutpat, quam pede lobortis ligula, sit amet eleifend pede libero quis orci.","created_at":"2019-02-05"},
{"comment_id":98,"created_by":3,"post":78,"text":"Nunc nisl. Duis bibendum, felis sed interdum venenatis, turpis enim blandit mi, in porttitor pede justo eu massa. Donec dapibus.","created_at":"2019-03-08"},
{"comment_id":99,"created_by":10,"post":97,"text":"Maecenas leo odio, condimentum id, luctus nec, molestie sed, justo. Pellentesque viverra pede ac diam. Cras pellentesque volutpat dui.","created_at":"2020-05-27"},
{"comment_id":100,"created_by":1,"post":18,"text":"Morbi quis tortor id nulla ultrices aliquet. Maecenas leo odio, condimentum id, luctus nec, molestie sed, justo.","created_at":"2022-06-17"},
{"comment_id":101,"created_by":4,"post":43,"text":"Sed ante. Vivamus tortor.","created_at":"2019-01-07"},
{"comment_id":102,"created_by":5,"post":87,"text":"Vestibulum ante ipsum primis in faucibus orci luctus et ultrices posuere cubilia Curae; Duis faucibus accumsan odio. Curabitur convallis. Duis consequat dui nec nisi volutpat eleifend.","created_at":"2022-07-12"},
{"comment_id":103,"created_by":1,"post":91,"text":"Duis bibendum, felis sed interdum venenatis, turpis enim blandit mi, in porttitor pede justo eu massa. Donec dapibus.","created_at":"2022-10-22"},
{"comment_id":104,"created_by":7,"post":2,"text":"Curabitur gravida nisi at nibh. In hac habitasse platea dictumst.","created_at":"2020-09-23"},
{"comment_id":105,"created_by":4,"post":10,"text":"Donec posuere metus vitae ipsum.","created_at":"2022-10-23"},
{"comment_id":106,"created_by":8,"post":25,"text":"In est risus, auctor sed, tristique in, tempus sit amet, sem. Fusce consequat. Nulla nisl.","created_at":"2022-11-14"},
{"comment_id":107,"created_by":6,"post":70,"text":"Cum sociis natoque penatibus et magnis dis parturient montes, nascetur ridiculus mus. Etiam vel augue. Vestibulum rutrum rutrum neque.","created_at":"2022-08-26"},
{"comment_id":108,"created_by":3,"post":18,"text":"Nulla ac enim. In tempor, turpis nec euismod scelerisque, quam turpis adipiscing lorem, vitae mattis nibh ligula nec sem.","created_at":"2023-02-03"},
{"comment_id":109,"created_by":8,"post":62,"text":"Morbi vestibulum, velit id pretium iaculis, diam erat fermentum justo, nec condimentum neque sapien placerat ante. Nulla justo.","created_at":"2021-06-17"},
{"comment_id":110,"created_by":1,"post":91,"text":"Vivamus vestibulum sagittis sapien. Cum sociis natoque penatibus et magnis dis parturient montes, nascetur ridiculus mus. Etiam vel augue.","created_at":"2019-06-26"},
{"comment_id":111,"created_by":4,"post":55,"text":"Nullam sit amet turpis elementum ligula vehicula consequat. Morbi a ipsum.","created_at":"2023-03-05"},
{"comment_id":112,"created_by":5,"post":34,"text":"Fusce consequat. Nulla nisl.","created_at":"2019-10-17"},
{"comment_id":113,"created_by":6,"post":31,"text":"Lorem ipsum dolor sit amet, consectetuer adipiscing elit.","created_at":"2021-08-18"},
{"comment_id":114,"created_by":7,"post":73,"text":"Donec vitae nisi. Nam ultrices, libero non mattis pulvinar, nulla pede ullamcorper augue, a suscipit nulla elit ac nulla. Sed vel enim sit amet nunc viverra dapibus.","created_at":"2020-12-29"},
{"comment_id":115,"created_by":3,"post":6,"text":"Aliquam non mauris.","created_at":"2023-02-21"},
{"comment_id":116,"created_by":8,"post":98,"text":"Maecenas pulvinar lobortis est. Phasellus sit amet erat.","created_at":"2023-10-04"},
{"comment_id":117,"created_by":9,"post":19,"text":"Proin leo odio, porttitor id, consequat in, consequat ut, nulla. Sed accumsan felis.","created_at":"2023-01-08"},
{"comment_id":118,"created_by":2,"post":12,"text":"In est risus, auctor sed, tristique in, tempus sit amet, sem.","created_at":"2023-04-09"},
{"comment_id":119,"created_by":4,"post":49,"text":"Nam nulla. Integer pede justo, lacinia eget, tincidunt eget, tempus vel, pede.","created_at":"2023-09-19"},
{"comment_id":120,"created_by":6,"post":77,"text":"Morbi odio odio, elementum eu, interdum eu, tincidunt in, leo. Maecenas pulvinar lobortis est.","created_at":"2023-02-22"},
{"comment_id":121,"created_by":1,"post":41,"text":"Aliquam quis turpis eget elit sodales scelerisque. Mauris sit amet eros. Suspendisse accumsan tortor quis turpis.","created_at":"2021-05-10"},
{"comment_id":122,"created_by":7,"post":93,"text":"Cum sociis natoque penatibus et magnis dis parturient montes, nascetur ridiculus mus.","created_at":"2022-04-28"},
{"comment_id":123,"created_by":10,"post":25,"text":"Fusce congue, diam id ornare imperdiet, sapien urna pretium nisl, ut volutpat sapien arcu sed augue.","created_at":"2021-04-29"},
{"comment_id":124,"created_by":6,"post":36,"text":"Nulla suscipit ligula in lacus. Curabitur at ipsum ac tellus semper interdum. Mauris ullamcorper purus sit amet nulla.","created_at":"2021-09-26"},
{"comment_id":125,"created_by":9,"post":48,"text":"Vestibulum ac est lacinia nisi venenatis tristique. Fusce congue, diam id ornare imperdiet, sapien urna pretium nisl, ut volutpat sapien arcu sed augue.","created_at":"2022-07-30"},
{"comment_id":126,"created_by":8,"post":95,"text":"Curabitur at ipsum ac tellus semper interdum.","created_at":"2022-02-06"},
{"comment_id":127,"created_by":3,"post":2,"text":"Maecenas tincidunt lacus at velit.","created_at":"2022-02-16"},
{"comment_id":128,"created_by":8,"post":70,"text":"Fusce consequat. Nulla nisl. Nunc nisl.","created_at":"2023-03-06"},
{"comment_id":129,"created_by":4,"post":86,"text":"Sed accumsan felis.","created_at":"2019-06-22"},
{"comment_id":130,"created_by":10,"post":5,"text":"Mauris lacinia sapien quis libero. Nullam sit amet turpis elementum ligula vehicula consequat. Morbi a ipsum.","created_at":"2022-12-30"},
{"comment_id":131,"created_by":6,"post":80,"text":"Vestibulum ante ipsum primis in faucibus orci luctus et ultrices posuere cubilia Curae; Mauris viverra diam vitae quam.","created_at":"2019-09-06"},
{"comment_id":132,"created_by":5,"post":60,"text":"Vestibulum ante ipsum primis in faucibus orci luctus et ultrices posuere cubilia Curae; Mauris viverra diam vitae quam. Suspendisse potenti.","created_at":"2021-08-21"},
{"comment_id":133,"created_by":1,"post":21,"text":"Nam ultrices, libero non mattis pulvinar, nulla pede ullamcorper augue, a suscipit nulla elit ac nulla. Sed vel enim sit amet nunc viverra dapibus. Nulla suscipit ligula in lacus.","created_at":"2020-01-20"},
{"comment_id":134,"created_by":10,"post":36,"text":"Pellentesque at nulla. Suspendisse potenti. Cras in purus eu magna vulputate luctus.","created_at":"2019-01-07"},
{"comment_id":135,"created_by":8,"post":40,"text":"Proin leo odio, porttitor id, consequat in, consequat ut, nulla.","created_at":"2020-06-01"},
{"comment_id":136,"created_by":6,"post":53,"text":"Maecenas pulvinar lobortis est. Phasellus sit amet erat.","created_at":"2020-03-31"},
{"comment_id":137,"created_by":7,"post":74,"text":"Quisque porta volutpat erat. Quisque erat eros, viverra eget, congue eget, semper rutrum, nulla. Nunc purus.","created_at":"2019-11-12"},
{"comment_id":138,"created_by":4,"post":58,"text":"Curabitur gravida nisi at nibh.","created_at":"2019-08-25"},
{"comment_id":139,"created_by":6,"post":88,"text":"Vestibulum ante ipsum primis in faucibus orci luctus et ultrices posuere cubilia Curae; Mauris viverra diam vitae quam. Suspendisse potenti. Nullam porttitor lacus at turpis.","created_at":"2021-10-20"},
{"comment_id":140,"created_by":7,"post":48,"text":"Donec posuere metus vitae ipsum.","created_at":"2019-12-26"},
{"comment_id":141,"created_by":9,"post":26,"text":"Integer ac leo.","created_at":"2022-11-21"},
{"comment_id":142,"created_by":3,"post":70,"text":"Aenean auctor gravida sem. Praesent id massa id nisl venenatis lacinia.","created_at":"2020-10-20"},
{"comment_id":143,"created_by":5,"post":61,"text":"Fusce consequat. Nulla nisl. Nunc nisl.","created_at":"2023-01-19"},
{"comment_id":144,"created_by":2,"post":53,"text":"Nullam porttitor lacus at turpis. Donec posuere metus vitae ipsum.","created_at":"2021-05-15"},
{"comment_id":145,"created_by":9,"post":50,"text":"Nullam porttitor lacus at turpis.","created_at":"2019-11-29"},
{"comment_id":146,"created_by":7,"post":86,"text":"Integer aliquet, massa id lobortis convallis, tortor risus dapibus augue, vel accumsan tellus nisi eu orci.","created_at":"2023-11-19"},
{"comment_id":147,"created_by":2,"post":47,"text":"In eleifend quam a odio. In hac habitasse platea dictumst.","created_at":"2019-01-27"},
{"comment_id":148,"created_by":10,"post":36,"text":"Etiam justo. Etiam pretium iaculis justo.","created_at":"2019-07-10"},
{"comment_id":149,"created_by":4,"post":97,"text":"Morbi vestibulum, velit id pretium iaculis, diam erat fermentum justo, nec condimentum neque sapien placerat ante. Nulla justo.","created_at":"2023-11-07"},
{"comment_id":150,"created_by":5,"post":20,"text":"Ut tellus.","created_at":"2020-06-18"},
{"comment_id":151,"created_by":4,"post":21,"text":"Morbi porttitor lorem id ligula.","created_at":"2022-06-30"},
{"comment_id":152,"created_by":10,"post":10,"text":"Vestibulum ac est lacinia nisi venenatis tristique. Fusce congue, diam id ornare imperdiet, sapien urna pretium nisl, ut volutpat sapien arcu sed augue. Aliquam erat volutpat.","created_at":"2024-03-22"},
{"comment_id":153,"created_by":1,"post":46,"text":"Nulla mollis molestie lorem.","created_at":"2020-12-13"},
{"comment_id":154,"created_by":2,"post":92,"text":"Curabitur convallis. Duis consequat dui nec nisi volutpat eleifend.","created_at":"2021-10-10"},
{"comment_id":155,"created_by":9,"post":13,"text":"Proin at turpis a pede posuere nonummy. Integer non velit.","created_at":"2019-04-17"},
{"comment_id":156,"created_by":3,"post":54,"text":"Proin eu mi. Nulla ac enim.","created_at":"2023-01-26"},
{"comment_id":157,"created_by":2,"post":71,"text":"Donec diam neque, vestibulum eget, vulputate ut, ultrices vel, augue. Vestibulum ante ipsum primis in faucibus orci luctus et ultrices posuere cubilia Curae; Donec pharetra, magna vestibulum aliquet ultrices, erat tortor sollicitudin mi, sit amet lobortis sapien sapien non mi. Integer ac neque.","created_at":"2019-10-31"},
{"comment_id":158,"created_by":4,"post":40,"text":"Curabitur convallis. Duis consequat dui nec nisi volutpat eleifend. Donec ut dolor.","created_at":"2023-02-20"},
{"comment_id":159,"created_by":1,"post":96,"text":"In sagittis dui vel nisl.","created_at":"2022-10-15"},
{"comment_id":160,"created_by":9,"post":51,"text":"In tempor, turpis nec euismod scelerisque, quam turpis adipiscing lorem, vitae mattis nibh ligula nec sem.","created_at":"2022-04-19"},
{"comment_id":161,"created_by":8,"post":99,"text":"Maecenas tristique, est et tempus semper, est quam pharetra magna, ac consequat metus sapien ut nunc.","created_at":"2019-04-19"},
{"comment_id":162,"created_by":6,"post":54,"text":"Nam congue, risus semper porta volutpat, quam pede lobortis ligula, sit amet eleifend pede libero quis orci. Nullam molestie nibh in lectus. Pellentesque at nulla.","created_at":"2020-09-08"},
{"comment_id":163,"created_by":8,"post":95,"text":"Suspendisse accumsan tortor quis turpis. Sed ante. Vivamus tortor.","created_at":"2021-01-02"},
{"comment_id":164,"created_by":6,"post":80,"text":"Integer non velit. Donec diam neque, vestibulum eget, vulputate ut, ultrices vel, augue. Vestibulum ante ipsum primis in faucibus orci luctus et ultrices posuere cubilia Curae; Donec pharetra, magna vestibulum aliquet ultrices, erat tortor sollicitudin mi, sit amet lobortis sapien sapien non mi.","created_at":"2020-08-29"},
{"comment_id":165,"created_by":4,"post":32,"text":"Curabitur in libero ut massa volutpat convallis.","created_at":"2020-07-28"},
{"comment_id":166,"created_by":3,"post":94,"text":"In congue.","created_at":"2021-08-10"},
{"comment_id":167,"created_by":5,"post":18,"text":"Proin risus.","created_at":"2020-08-07"},
{"comment_id":168,"created_by":1,"post":12,"text":"Vestibulum ante ipsum primis in faucibus orci luctus et ultrices posuere cubilia Curae; Mauris viverra diam vitae quam. Suspendisse potenti.","created_at":"2022-06-23"},
{"comment_id":169,"created_by":4,"post":37,"text":"In congue. Etiam justo.","created_at":"2023-04-29"},
{"comment_id":170,"created_by":1,"post":20,"text":"Phasellus sit amet erat. Nulla tempus. Vivamus in felis eu sapien cursus vestibulum.","created_at":"2021-12-17"},
{"comment_id":171,"created_by":8,"post":31,"text":"Vestibulum ac est lacinia nisi venenatis tristique. Fusce congue, diam id ornare imperdiet, sapien urna pretium nisl, ut volutpat sapien arcu sed augue.","created_at":"2020-03-13"},
{"comment_id":172,"created_by":2,"post":51,"text":"Mauris sit amet eros. Suspendisse accumsan tortor quis turpis. Sed ante.","created_at":"2024-03-09"},
{"comment_id":173,"created_by":5,"post":34,"text":"Praesent lectus.","created_at":"2023-01-31"},
{"comment_id":174,"created_by":7,"post":93,"text":"In hac habitasse platea dictumst. Maecenas ut massa quis augue luctus tincidunt. Nulla mollis molestie lorem.","created_at":"2019-04-12"},
{"comment_id":175,"created_by":4,"post":64,"text":"Nulla tellus. In sagittis dui vel nisl. Duis ac nibh.","created_at":"2020-07-22"},
{"comment_id":176,"created_by":3,"post":35,"text":"Maecenas tincidunt lacus at velit. Vivamus vel nulla eget eros elementum pellentesque. Quisque porta volutpat erat.","created_at":"2020-05-11"},
{"comment_id":177,"created_by":6,"post":15,"text":"In blandit ultrices enim. Lorem ipsum dolor sit amet, consectetuer adipiscing elit. Proin interdum mauris non ligula pellentesque ultrices.","created_at":"2019-08-13"},
{"comment_id":178,"created_by":5,"post":84,"text":"Pellentesque at nulla. Suspendisse potenti.","created_at":"2024-05-24"},
{"comment_id":179,"created_by":2,"post":46,"text":"Morbi non lectus. Aliquam sit amet diam in magna bibendum imperdiet.","created_at":"2022-02-27"},
{"comment_id":180,"created_by":9,"post":92,"text":"In hac habitasse platea dictumst. Aliquam augue quam, sollicitudin vitae, consectetuer eget, rutrum at, lorem. Integer tincidunt ante vel ipsum.","created_at":"2021-04-14"},
{"comment_id":181,"created_by":10,"post":23,"text":"Aenean lectus. Pellentesque eget nunc.","created_at":"2022-09-30"},
{"comment_id":182,"created_by":5,"post":17,"text":"Quisque id justo sit amet sapien dignissim vestibulum.","created_at":"2021-02-10"},
{"comment_id":183,"created_by":2,"post":33,"text":"Aenean fermentum. Donec ut mauris eget massa tempor convallis.","created_at":"2020-01-06"},
{"comment_id":184,"created_by":3,"post":43,"text":"Morbi non quam nec dui luctus rutrum. Nulla tellus.","created_at":"2023-08-04"},
{"comment_id":185,"created_by":1,"post":87,"text":"Duis bibendum.","created_at":"2022-10-19"},
{"comment_id":186,"created_by":7,"post":21,"text":"Vestibulum ac est lacinia nisi venenatis tristique.","created_at":"2020-02-11"},
{"comment_id":187,"created_by":5,"post":20,"text":"Morbi porttitor lorem id ligula.","created_at":"2021-08-01"},
{"comment_id":188,"created_by":2,"post":76,"text":"Quisque ut erat. Curabitur gravida nisi at nibh.","created_at":"2019-12-05"},
{"comment_id":189,"created_by":4,"post":45,"text":"Quisque erat eros, viverra eget, congue eget, semper rutrum, nulla. Nunc purus. Phasellus in felis.","created_at":"2020-03-04"},
{"comment_id":190,"created_by":6,"post":46,"text":"Aenean auctor gravida sem.","created_at":"2019-08-15"},
{"comment_id":191,"created_by":1,"post":37,"text":"Suspendisse accumsan tortor quis turpis. Sed ante. Vivamus tortor.","created_at":"2022-06-28"},
{"comment_id":192,"created_by":3,"post":24,"text":"Vestibulum ante ipsum primis in faucibus orci luctus et ultrices posuere cubilia Curae; Nulla dapibus dolor vel est. Donec odio justo, sollicitudin ut, suscipit a, feugiat et, eros. Vestibulum ac est lacinia nisi venenatis tristique.","created_at":"2021-05-07"},
{"comment_id":193,"created_by":8,"post":72,"text":"Nulla tellus.","created_at":"2019-05-26"},
{"comment_id":194,"created_by":10,"post":97,"text":"Pellentesque viverra pede ac diam.","created_at":"2021-11-28"},
{"comment_id":195,"created_by":9,"post":69,"text":"Vestibulum ante ipsum primis in faucibus orci luctus et ultrices posuere cubilia Curae; Duis faucibus accumsan odio. Curabitur convallis. Duis consequat dui nec nisi volutpat eleifend.","created_at":"2021-06-26"},
{"comment_id":196,"created_by":7,"post":75,"text":"Vestibulum ante ipsum primis in faucibus orci luctus et ultrices posuere cubilia Curae; Duis faucibus accumsan odio. Curabitur convallis. Duis consequat dui nec nisi volutpat eleifend.","created_at":"2021-09-05"},
{"comment_id":197,"created_by":6,"post":60,"text":"Fusce congue, diam id ornare imperdiet, sapien urna pretium nisl, ut volutpat sapien arcu sed augue.","created_at":"2023-09-22"},
{"comment_id":198,"created_by":10,"post":40,"text":"Donec posuere metus vitae ipsum. Aliquam non mauris.","created_at":"2022-07-27"},
{"comment_id":199,"created_by":1,"post":47,"text":"Duis ac nibh.","created_at":"2021-10-09"},
{"comment_id":200,"created_by":3,"post":30,"text":"Praesent blandit lacinia erat. Vestibulum sed magna at nunc commodo placerat. Praesent blandit.","created_at":"2020-01-31"}]