[{"user":6,"news_article":10},
{"user":3,"news_article":5},
{"user":7,"news_article":30},
{"user":9,"news_article":9},
{"user":9,"news_article":18},
{"user":1,"news_article":29},
{"user":9,"news_article":24},
{"user":7,"news_article":15},
{"user":9,"news_article":24},
{"user":7,"news_article":26},
{"user":3,"news_article":25},
{"user":10,"news_article":12},
{"user":4,"news_article":21},
{"user":9,"news_article":3},
{"user":4,"news_article":1},
{"user":1,"news_article":11},
{"user":10,"news_article":27},
{"user":10,"news_article":24},
{"user":6,"news_article":20},
{"user":7,"news_article":22}]