[{"news_id":1,"article_name":"March for Justice","author_first_name":"Hermy","author_last_name":"Cassie","publication_date":"2022-12-01","source":"The Gazette Express"},
{"news_id":2,"article_name":"Voices of Change","author_first_name":"Denny","author_last_name":"Britee","publication_date":"2016-04-20","source":"The Sentinel Sun"},
{"news_id":3,"article_name":"Protest Perspectives","author_first_name":"Melanie","author_last_name":"Meak","publication_date":"2017-11-29","source":"The Gazette Express"},
{"news_id":4,"article_name":"Rally Reflections","author_first_name":"Robinette","author_last_name":"Hann","publication_date":"2018-11-07","source":"The Morning Post"},
{"news_id":5,"article_name":"Activism Chronicles","author_first_name":"Jephthah","author_last_name":"Rawe","publication_date":"2018-01-27","source":"The Morning Post"},
{"news_id":6,"article_name":"Rebellion Reports","author_first_name":"Ramsay","author_last_name":"Dryden","publication_date":"2022-03-03","source":"The Observer News"},
{"news_id":7,"article_name":"Demonstration Diaries","author_first_name":"Starlin","author_last_name":"Grenter","publication_date":"2020-06-12","source":"The Morning Post"},
{"news_id":8,"article_name":"Revolution Reviews","author_first_name":"Conni","author_last_name":"Mathivon","publication_date":"2017-05-05","source":"The Daily News"},
{"news_id":9,"article_name":"Uprising Updates","author_first_name":"Marlene","author_last_name":"Tomaszczyk","publication_date":"2021-03-20","source":"The Morning Post"},
{"news_id":10,"article_name":"Resistance Recaps","author_first_name":"Nevsa","author_last_name":"Keeney","publication_date":"2022-11-12","source":"The Sunday Times"},
{"news_id":11,"article_name":"Protest Pulse","author_first_name":"Aurore","author_last_name":"Paik","publication_date":"2015-10-26","source":"The Press Journal"},
{"news_id":12,"article_name":"Marching Manifesto","author_first_name":"Trefor","author_last_name":"Poolton","publication_date":"2015-03-09","source":"The Daily News"},
{"news_id":13,"article_name":"Outcry Observations","author_first_name":"Hyatt","author_last_name":"Shurrock","publication_date":"2016-12-24","source":"The Observer News"},
{"news_id":14,"article_name":"Protestor Profiles","author_first_name":"Esdras","author_last_name":"Coultish","publication_date":"2023-09-26","source":"The Gazette Express"},
{"news_id":15,"article_name":"Protest Placards","author_first_name":"Andrei","author_last_name":"Lanfranchi","publication_date":"2017-03-13","source":"The Morning Post"},
{"news_id":16,"article_name":"Protest Poetry","author_first_name":"Kaleena","author_last_name":"Faichney","publication_date":"2021-05-12","source":"The Daily News"},
{"news_id":17,"article_name":"Protest Power","author_first_name":"Elbertina","author_last_name":"O'Siaghail","publication_date":"2023-08-28","source":"The Press Journal"},
{"news_id":18,"article_name":"Protest Platform","author_first_name":"Chiquita","author_last_name":"Durrad","publication_date":"2021-12-02","source":"The Weekly Herald"},
{"news_id":19,"article_name":"Protest Progress","author_first_name":"Prue","author_last_name":"Puleque","publication_date":"2015-05-18","source":"The Observer News"},
{"news_id":20,"article_name":"Protest Press","author_first_name":"Richard","author_last_name":"Marchant","publication_date":"2021-10-13","source":"The Gazette Express"},
{"news_id":21,"article_name":"March for Justice","author_first_name":"Jake","author_last_name":"Goding","publication_date":"2022-05-10","source":"The Chronicle Tribune"},
{"news_id":22,"article_name":"Voices of Change","author_first_name":"Davide","author_last_name":"Benedict","publication_date":"2022-01-20","source":"The Press Journal"},
{"news_id":23,"article_name":"Protest Perspectives","author_first_name":"Alard","author_last_name":"Scarsbrick","publication_date":"2020-02-15","source":"The Evening Gazette"},
{"news_id":24,"article_name":"Rally Reflections","author_first_name":"Quent","author_last_name":"Martino","publication_date":"2022-08-02","source":"The Weekly Herald"},
{"news_id":25,"article_name":"Activism Chronicles","author_first_name":"Juditha","author_last_name":"Cajkler","publication_date":"2023-09-05","source":"The Gazette Express"},
{"news_id":26,"article_name":"Rebellion Reports","author_first_name":"Mandi","author_last_name":"Snar","publication_date":"2020-07-12","source":"The Press Journal"},
{"news_id":27,"article_name":"Demonstration Diaries","author_first_name":"Lotta","author_last_name":"Blaxley","publication_date":"2017-09-09","source":"The Sentinel Sun"},
{"news_id":28,"article_name":"Revolution Reviews","author_first_name":"Dyna","author_last_name":"McCoish","publication_date":"2018-03-29","source":"The Sentinel Sun"},
{"news_id":29,"article_name":"Uprising Updates","author_first_name":"Dynah","author_last_name":"Bailes","publication_date":"2023-08-23","source":"The Chronicle Tribune"},
{"news_id":30,"article_name":"Resistance Recaps","author_first_name":"Webster","author_last_name":"Ceaser","publication_date":"2022-10-04","source":"The Gazette Express"}]