[{"post_id":1,"title":"Rallying for Rights","creation_date":"2024-02-24","text":"Fusce posuere felis sed lacus.","created_by":4,"cause":7},
{"post_id":2,"title":"Gathering for Equality","creation_date":"2023-06-13","text":"Quisque porta volutpat erat. Quisque erat eros, viverra eget, congue eget, semper rutrum, nulla. Nunc purus. Phasellus in felis. Donec semper sapien a libero.","created_by":5,"cause":4},
{"post_id":3,"title":"Demanding Justice Now","creation_date":"2023-03-15","text":"Lorem ipsum dolor sit amet, consectetuer adipiscing elit. Proin interdum mauris non ligula pellentesque ultrices.","created_by":2,"cause":5},
{"post_id":4,"title":"Gathering for Equality","creation_date":"2024-03-11","text":"Curabitur in libero ut massa volutpat convallis. Morbi odio odio, elementum eu, interdum eu, tincidunt in, leo. Maecenas pulvinar lobortis est. Phasellus sit amet erat.","created_by":5,"cause":5},
{"post_id":5,"title":"Rallying for Rights","creation_date":"2023-05-12","text":"Aenean sit amet justo.","created_by":7,"cause":1},
{"post_id":6,"title":"Gathering for Equality","creation_date":"2023-11-25","text":"Suspendisse potenti. Nullam porttitor lacus at turpis. Donec posuere metus vitae ipsum. Aliquam non mauris.","created_by":10,"cause":4},
{"post_id":7,"title":"Gathering for Equality","creation_date":"2023-10-31","text":"Nam congue, risus semper porta volutpat, quam pede lobortis ligula, sit amet eleifend pede libero quis orci. Nullam molestie nibh in lectus. Pellentesque at nulla. Suspendisse potenti. Cras in purus eu magna vulputate luctus.","created_by":1,"cause":7},
{"post_id":8,"title":"Gathering for Equality","creation_date":"2023-09-04","text":"Nullam orci pede, venenatis non, sodales sed, tincidunt eu, felis. Fusce posuere felis sed lacus. Morbi sem mauris, laoreet ut, rhoncus aliquet, pulvinar sed, nisl. Nunc rhoncus dui vel sem. Sed sagittis.","created_by":4,"cause":6},
{"post_id":9,"title":"Stand Up Against Oppression","creation_date":"2024-04-01","text":"In eleifend quam a odio. In hac habitasse platea dictumst. Maecenas ut massa quis augue luctus tincidunt. Nulla mollis molestie lorem. Quisque ut erat.","created_by":7,"cause":4},
{"post_id":10,"title":"Rallying for Rights","creation_date":"2023-04-22","text":"Aliquam sit amet diam in magna bibendum imperdiet.","created_by":4,"cause":2},
{"post_id":11,"title":"Peaceful Protest Strategies","creation_date":"2023-03-07","text":"Nullam porttitor lacus at turpis.","created_by":10,"cause":5},
{"post_id":12,"title":"Unity in Action","creation_date":"2023-11-28","text":"Phasellus id sapien in sapien iaculis congue. Vivamus metus arcu, adipiscing molestie, hendrerit at, vulputate vitae, nisl.","created_by":7,"cause":7},
{"post_id":13,"title":"Gathering for Equality","creation_date":"2024-01-09","text":"Donec ut dolor. Morbi vel lectus in quam fringilla rhoncus.","created_by":6,"cause":7},
{"post_id":14,"title":"Protest Planning 101","creation_date":"2023-02-19","text":"Phasellus sit amet erat. Nulla tempus. Vivamus in felis eu sapien cursus vestibulum.","created_by":5,"cause":3},
{"post_id":15,"title":"Unity in Action","creation_date":"2024-02-12","text":"Duis bibendum. Morbi non quam nec dui luctus rutrum. Nulla tellus. In sagittis dui vel nisl.","created_by":9,"cause":4},
{"post_id":16,"title":"Gathering for Equality","creation_date":"2024-05-31","text":"Proin leo odio, porttitor id, consequat in, consequat ut, nulla. Sed accumsan felis. Ut at dolor quis odio consequat varius.","created_by":1,"cause":2},
{"post_id":17,"title":"Stand Up Against Oppression","creation_date":"2023-11-09","text":"Quisque ut erat. Curabitur gravida nisi at nibh. In hac habitasse platea dictumst. Aliquam augue quam, sollicitudin vitae, consectetuer eget, rutrum at, lorem.","created_by":10,"cause":5},
{"post_id":18,"title":"Rallying for Rights","creation_date":"2023-06-18","text":"Nullam molestie nibh in lectus. Pellentesque at nulla. Suspendisse potenti.","created_by":6,"cause":1},
{"post_id":19,"title":"Inquiring Minds Unite","creation_date":"2024-01-26","text":"Nullam orci pede, venenatis non, sodales sed, tincidunt eu, felis. Fusce posuere felis sed lacus.","created_by":1,"cause":2},
{"post_id":20,"title":"Inquiring Minds Unite","creation_date":"2024-05-29","text":"Maecenas tristique, est et tempus semper, est quam pharetra magna, ac consequat metus sapien ut nunc. Vestibulum ante ipsum primis in faucibus orci luctus et ultrices posuere cubilia Curae; Mauris viverra diam vitae quam.","created_by":8,"cause":5},
{"post_id":21,"title":"Demanding Justice Now","creation_date":"2023-10-09","text":"Duis ac nibh.","created_by":2,"cause":4},
{"post_id":22,"title":"Stand Up Against Oppression","creation_date":"2023-03-01","text":"Morbi non quam nec dui luctus rutrum. Nulla tellus.","created_by":2,"cause":4},
{"post_id":23,"title":"Voices of Change","creation_date":"2023-07-23","text":"Nulla facilisi. Cras non velit nec nisi vulputate nonummy. Maecenas tincidunt lacus at velit.","created_by":1,"cause":2},
{"post_id":24,"title":"March Against Injustice","creation_date":"2023-02-09","text":"Vestibulum quam sapien, varius ut, blandit non, interdum in, ante.","created_by":6,"cause":6},
{"post_id":25,"title":"Demanding Justice Now","creation_date":"2023-03-04","text":"Maecenas tristique, est et tempus semper, est quam pharetra magna, ac consequat metus sapien ut nunc. Vestibulum ante ipsum primis in faucibus orci luctus et ultrices posuere cubilia Curae; Mauris viverra diam vitae quam. Suspendisse potenti.","created_by":9,"cause":6},
{"post_id":26,"title":"Stand Up Against Oppression","creation_date":"2023-06-07","text":"Proin leo odio, porttitor id, consequat in, consequat ut, nulla. Sed accumsan felis. Ut at dolor quis odio consequat varius.","created_by":5,"cause":7},
{"post_id":27,"title":"Rallying for Rights","creation_date":"2024-04-14","text":"Integer ac neque. Duis bibendum. Morbi non quam nec dui luctus rutrum. Nulla tellus. In sagittis dui vel nisl.","created_by":4,"cause":5},
{"post_id":28,"title":"Voices of Change","creation_date":"2024-02-28","text":"Proin at turpis a pede posuere nonummy. Integer non velit. Donec diam neque, vestibulum eget, vulputate ut, ultrices vel, augue.","created_by":5,"cause":4},
{"post_id":29,"title":"Peaceful Protest Strategies","creation_date":"2023-07-07","text":"Fusce congue, diam id ornare imperdiet, sapien urna pretium nisl, ut volutpat sapien arcu sed augue. Aliquam erat volutpat.","created_by":1,"cause":1},
{"post_id":30,"title":"Protest Planning 101","creation_date":"2024-05-24","text":"Ut at dolor quis odio consequat varius. Integer ac leo. Pellentesque ultrices mattis odio. Donec vitae nisi. Nam ultrices, libero non mattis pulvinar, nulla pede ullamcorper augue, a suscipit nulla elit ac nulla.","created_by":3,"cause":5},
{"post_id":31,"title":"Inquiring Minds Unite","creation_date":"2023-04-16","text":"Donec posuere metus vitae ipsum. Aliquam non mauris. Morbi non lectus. Aliquam sit amet diam in magna bibendum imperdiet. Nullam orci pede, venenatis non, sodales sed, tincidunt eu, felis.","created_by":6,"cause":1},
{"post_id":32,"title":"March Against Injustice","creation_date":"2024-02-09","text":"Duis at velit eu est congue elementum.","created_by":3,"cause":7},
{"post_id":33,"title":"March Against Injustice","creation_date":"2023-07-15","text":"Nunc rhoncus dui vel sem.","created_by":10,"cause":2},
{"post_id":34,"title":"Protest Planning 101","creation_date":"2024-01-18","text":"Aliquam quis turpis eget elit sodales scelerisque. Mauris sit amet eros.","created_by":3,"cause":3},
{"post_id":35,"title":"Peaceful Protest Strategies","creation_date":"2023-01-25","text":"Proin eu mi. Nulla ac enim. In tempor, turpis nec euismod scelerisque, quam turpis adipiscing lorem, vitae mattis nibh ligula nec sem. Duis aliquam convallis nunc. Proin at turpis a pede posuere nonummy.","created_by":1,"cause":2},
{"post_id":36,"title":"Rallying for Rights","creation_date":"2023-06-16","text":"Maecenas leo odio, condimentum id, luctus nec, molestie sed, justo. Pellentesque viverra pede ac diam. Cras pellentesque volutpat dui.","created_by":5,"cause":5},
{"post_id":37,"title":"Unity in Action","creation_date":"2023-04-28","text":"Donec posuere metus vitae ipsum. Aliquam non mauris.","created_by":6,"cause":2},
{"post_id":38,"title":"Protest Planning 101","creation_date":"2023-05-06","text":"Quisque id justo sit amet sapien dignissim vestibulum. Vestibulum ante ipsum primis in faucibus orci luctus et ultrices posuere cubilia Curae; Nulla dapibus dolor vel est. Donec odio justo, sollicitudin ut, suscipit a, feugiat et, eros.","created_by":2,"cause":1},
{"post_id":39,"title":"Inquiring Minds Unite","creation_date":"2023-05-23","text":"Duis consequat dui nec nisi volutpat eleifend. Donec ut dolor.","created_by":9,"cause":5},
{"post_id":40,"title":"Gathering for Equality","creation_date":"2024-04-25","text":"Maecenas tristique, est et tempus semper, est quam pharetra magna, ac consequat metus sapien ut nunc. Vestibulum ante ipsum primis in faucibus orci luctus et ultrices posuere cubilia Curae; Mauris viverra diam vitae quam. Suspendisse potenti. Nullam porttitor lacus at turpis. Donec posuere metus vitae ipsum.","created_by":2,"cause":5},
{"post_id":41,"title":"Stand Up Against Oppression","creation_date":"2023-06-06","text":"Aenean fermentum. Donec ut mauris eget massa tempor convallis. Nulla neque libero, convallis eget, eleifend luctus, ultricies eu, nibh.","created_by":5,"cause":6},
{"post_id":42,"title":"Protest Planning 101","creation_date":"2023-04-30","text":"Curabitur in libero ut massa volutpat convallis. Morbi odio odio, elementum eu, interdum eu, tincidunt in, leo. Maecenas pulvinar lobortis est.","created_by":6,"cause":3},
{"post_id":43,"title":"Inquiring Minds Unite","creation_date":"2023-05-25","text":"Morbi vel lectus in quam fringilla rhoncus. Mauris enim leo, rhoncus sed, vestibulum sit amet, cursus id, turpis. Integer aliquet, massa id lobortis convallis, tortor risus dapibus augue, vel accumsan tellus nisi eu orci. Mauris lacinia sapien quis libero. Nullam sit amet turpis elementum ligula vehicula consequat.","created_by":10,"cause":7},
{"post_id":44,"title":"Protest Planning 101","creation_date":"2024-04-02","text":"Curabitur in libero ut massa volutpat convallis. Morbi odio odio, elementum eu, interdum eu, tincidunt in, leo. Maecenas pulvinar lobortis est. Phasellus sit amet erat.","created_by":2,"cause":1},
{"post_id":45,"title":"Stand Up Against Oppression","creation_date":"2023-02-27","text":"In tempor, turpis nec euismod scelerisque, quam turpis adipiscing lorem, vitae mattis nibh ligula nec sem. Duis aliquam convallis nunc. Proin at turpis a pede posuere nonummy.","created_by":4,"cause":6},
{"post_id":46,"title":"Voices of Change","creation_date":"2023-07-16","text":"Quisque erat eros, viverra eget, congue eget, semper rutrum, nulla. Nunc purus. Phasellus in felis.","created_by":6,"cause":3},
{"post_id":47,"title":"Peaceful Protest Strategies","creation_date":"2024-04-01","text":"In hac habitasse platea dictumst. Etiam faucibus cursus urna.","created_by":8,"cause":5},
{"post_id":48,"title":"Voices of Change","creation_date":"2024-05-28","text":"Fusce congue, diam id ornare imperdiet, sapien urna pretium nisl, ut volutpat sapien arcu sed augue. Aliquam erat volutpat. In congue. Etiam justo. Etiam pretium iaculis justo.","created_by":3,"cause":2},
{"post_id":49,"title":"Gathering for Equality","creation_date":"2023-01-05","text":"Nam congue, risus semper porta volutpat, quam pede lobortis ligula, sit amet eleifend pede libero quis orci. Nullam molestie nibh in lectus. Pellentesque at nulla. Suspendisse potenti. Cras in purus eu magna vulputate luctus.","created_by":10,"cause":2},
{"post_id":50,"title":"Inquiring Minds Unite","creation_date":"2024-05-09","text":"Nulla tempus. Vivamus in felis eu sapien cursus vestibulum. Proin eu mi. Nulla ac enim. In tempor, turpis nec euismod scelerisque, quam turpis adipiscing lorem, vitae mattis nibh ligula nec sem.","created_by":8,"cause":1},
{"post_id":51,"title":"Peaceful Protest Strategies","creation_date":"2024-05-01","text":"Donec diam neque, vestibulum eget, vulputate ut, ultrices vel, augue. Vestibulum ante ipsum primis in faucibus orci luctus et ultrices posuere cubilia Curae; Donec pharetra, magna vestibulum aliquet ultrices, erat tortor sollicitudin mi, sit amet lobortis sapien sapien non mi. Integer ac neque.","created_by":7,"cause":4},
{"post_id":52,"title":"Protest Planning 101","creation_date":"2023-04-09","text":"Sed sagittis. Nam congue, risus semper porta volutpat, quam pede lobortis ligula, sit amet eleifend pede libero quis orci.","created_by":1,"cause":1},
{"post_id":53,"title":"Unity in Action","creation_date":"2023-05-23","text":"Nullam molestie nibh in lectus. Pellentesque at nulla. Suspendisse potenti. Cras in purus eu magna vulputate luctus. Cum sociis natoque penatibus et magnis dis parturient montes, nascetur ridiculus mus.","created_by":10,"cause":6},
{"post_id":54,"title":"Peaceful Protest Strategies","creation_date":"2023-05-11","text":"Sed vel enim sit amet nunc viverra dapibus. Nulla suscipit ligula in lacus. Curabitur at ipsum ac tellus semper interdum.","created_by":4,"cause":2},
{"post_id":55,"title":"Inquiring Minds Unite","creation_date":"2024-02-05","text":"Nullam orci pede, venenatis non, sodales sed, tincidunt eu, felis. Fusce posuere felis sed lacus. Morbi sem mauris, laoreet ut, rhoncus aliquet, pulvinar sed, nisl. Nunc rhoncus dui vel sem. Sed sagittis.","created_by":10,"cause":3},
{"post_id":56,"title":"Stand Up Against Oppression","creation_date":"2023-12-06","text":"Cras in purus eu magna vulputate luctus. Cum sociis natoque penatibus et magnis dis parturient montes, nascetur ridiculus mus. Vivamus vestibulum sagittis sapien. Cum sociis natoque penatibus et magnis dis parturient montes, nascetur ridiculus mus. Etiam vel augue.","created_by":5,"cause":5},
{"post_id":57,"title":"March Against Injustice","creation_date":"2023-03-30","text":"Nulla facilisi.","created_by":2,"cause":7},
{"post_id":58,"title":"March Against Injustice","creation_date":"2023-04-10","text":"In eleifend quam a odio. In hac habitasse platea dictumst. Maecenas ut massa quis augue luctus tincidunt.","created_by":9,"cause":7},
{"post_id":59,"title":"Rallying for Rights","creation_date":"2023-06-05","text":"Curabitur at ipsum ac tellus semper interdum. Mauris ullamcorper purus sit amet nulla.","created_by":2,"cause":2},
{"post_id":60,"title":"Peaceful Protest Strategies","creation_date":"2023-08-27","text":"Mauris sit amet eros. Suspendisse accumsan tortor quis turpis. Sed ante. Vivamus tortor. Duis mattis egestas metus.","created_by":4,"cause":6},
{"post_id":61,"title":"Protest Planning 101","creation_date":"2023-08-19","text":"Vestibulum ante ipsum primis in faucibus orci luctus et ultrices posuere cubilia Curae; Nulla dapibus dolor vel est. Donec odio justo, sollicitudin ut, suscipit a, feugiat et, eros.","created_by":10,"cause":2},
{"post_id":62,"title":"Gathering for Equality","creation_date":"2024-05-02","text":"Vivamus metus arcu, adipiscing molestie, hendrerit at, vulputate vitae, nisl. Aenean lectus. Pellentesque eget nunc.","created_by":9,"cause":3},
{"post_id":63,"title":"Demanding Justice Now","creation_date":"2024-02-05","text":"Phasellus sit amet erat.","created_by":6,"cause":6},
{"post_id":64,"title":"Unity in Action","creation_date":"2023-06-11","text":"Integer aliquet, massa id lobortis convallis, tortor risus dapibus augue, vel accumsan tellus nisi eu orci. Mauris lacinia sapien quis libero. Nullam sit amet turpis elementum ligula vehicula consequat. Morbi a ipsum.","created_by":2,"cause":1},
{"post_id":65,"title":"Rallying for Rights","creation_date":"2023-03-18","text":"Cras non velit nec nisi vulputate nonummy. Maecenas tincidunt lacus at velit. Vivamus vel nulla eget eros elementum pellentesque. Quisque porta volutpat erat. Quisque erat eros, viverra eget, congue eget, semper rutrum, nulla.","created_by":9,"cause":6},
{"post_id":66,"title":"Inquiring Minds Unite","creation_date":"2024-02-09","text":"Aenean fermentum. Donec ut mauris eget massa tempor convallis. Nulla neque libero, convallis eget, eleifend luctus, ultricies eu, nibh. Quisque id justo sit amet sapien dignissim vestibulum. Vestibulum ante ipsum primis in faucibus orci luctus et ultrices posuere cubilia Curae; Nulla dapibus dolor vel est.","created_by":3,"cause":5},
{"post_id":67,"title":"Peaceful Protest Strategies","creation_date":"2023-01-18","text":"Etiam faucibus cursus urna. Ut tellus. Nulla ut erat id mauris vulputate elementum.","created_by":1,"cause":2},
{"post_id":68,"title":"Inquiring Minds Unite","creation_date":"2023-03-28","text":"Integer non velit. Donec diam neque, vestibulum eget, vulputate ut, ultrices vel, augue. Vestibulum ante ipsum primis in faucibus orci luctus et ultrices posuere cubilia Curae; Donec pharetra, magna vestibulum aliquet ultrices, erat tortor sollicitudin mi, sit amet lobortis sapien sapien non mi. Integer ac neque. Duis bibendum.","created_by":9,"cause":6},
{"post_id":69,"title":"Inquiring Minds Unite","creation_date":"2024-01-09","text":"Morbi ut odio. Cras mi pede, malesuada in, imperdiet et, commodo vulputate, justo. In blandit ultrices enim.","created_by":5,"cause":5},
{"post_id":70,"title":"Voices of Change","creation_date":"2024-01-01","text":"Suspendisse potenti.","created_by":2,"cause":6},
{"post_id":71,"title":"Stand Up Against Oppression","creation_date":"2023-05-31","text":"Sed vel enim sit amet nunc viverra dapibus. Nulla suscipit ligula in lacus. Curabitur at ipsum ac tellus semper interdum. Mauris ullamcorper purus sit amet nulla. Quisque arcu libero, rutrum ac, lobortis vel, dapibus at, diam.","created_by":6,"cause":2},
{"post_id":72,"title":"Unity in Action","creation_date":"2023-11-17","text":"Donec quis orci eget orci vehicula condimentum. Curabitur in libero ut massa volutpat convallis. Morbi odio odio, elementum eu, interdum eu, tincidunt in, leo.","created_by":3,"cause":5},
{"post_id":73,"title":"Stand Up Against Oppression","creation_date":"2023-01-01","text":"Nulla facilisi. Cras non velit nec nisi vulputate nonummy. Maecenas tincidunt lacus at velit.","created_by":2,"cause":4},
{"post_id":74,"title":"Voices of Change","creation_date":"2024-03-01","text":"Fusce consequat. Nulla nisl. Nunc nisl. Duis bibendum, felis sed interdum venenatis, turpis enim blandit mi, in porttitor pede justo eu massa.","created_by":3,"cause":1},
{"post_id":75,"title":"Voices of Change","creation_date":"2023-06-22","text":"Pellentesque at nulla.","created_by":7,"cause":3},
{"post_id":76,"title":"Stand Up Against Oppression","creation_date":"2023-04-24","text":"Proin eu mi.","created_by":5,"cause":7},
{"post_id":77,"title":"Inquiring Minds Unite","creation_date":"2024-03-01","text":"Sed ante. Vivamus tortor. Duis mattis egestas metus.","created_by":10,"cause":3},
{"post_id":78,"title":"Inquiring Minds Unite","creation_date":"2023-09-26","text":"Phasellus sit amet erat. Nulla tempus. Vivamus in felis eu sapien cursus vestibulum. Proin eu mi. Nulla ac enim.","created_by":1,"cause":2},
{"post_id":79,"title":"Gathering for Equality","creation_date":"2024-02-08","text":"Integer tincidunt ante vel ipsum.","created_by":9,"cause":7},
{"post_id":80,"title":"Protest Planning 101","creation_date":"2023-06-13","text":"Nullam molestie nibh in lectus. Pellentesque at nulla. Suspendisse potenti. Cras in purus eu magna vulputate luctus. Cum sociis natoque penatibus et magnis dis parturient montes, nascetur ridiculus mus.","created_by":3,"cause":2},
{"post_id":81,"title":"Demanding Justice Now","creation_date":"2023-06-14","text":"Sed ante. Vivamus tortor. Duis mattis egestas metus.","created_by":10,"cause":1},
{"post_id":82,"title":"March Against Injustice","creation_date":"2024-01-08","text":"Aenean fermentum. Donec ut mauris eget massa tempor convallis. Nulla neque libero, convallis eget, eleifend luctus, ultricies eu, nibh. Quisque id justo sit amet sapien dignissim vestibulum. Vestibulum ante ipsum primis in faucibus orci luctus et ultrices posuere cubilia Curae; Nulla dapibus dolor vel est.","created_by":10,"cause":3},
{"post_id":83,"title":"Rallying for Rights","creation_date":"2023-02-20","text":"Aliquam sit amet diam in magna bibendum imperdiet.","created_by":6,"cause":4},
{"post_id":84,"title":"Protest Planning 101","creation_date":"2023-02-28","text":"Aliquam quis turpis eget elit sodales scelerisque.","created_by":5,"cause":7},
{"post_id":85,"title":"Gathering for Equality","creation_date":"2023-05-27","text":"Nam nulla. Integer pede justo, lacinia eget, tincidunt eget, tempus vel, pede. Morbi porttitor lorem id ligula. Suspendisse ornare consequat lectus.","created_by":9,"cause":6},
{"post_id":86,"title":"Protest Planning 101","creation_date":"2023-05-19","text":"Phasellus sit amet erat. Nulla tempus. Vivamus in felis eu sapien cursus vestibulum.","created_by":8,"cause":1},
{"post_id":87,"title":"March Against Injustice","creation_date":"2023-11-03","text":"Proin at turpis a pede posuere nonummy. Integer non velit. Donec diam neque, vestibulum eget, vulputate ut, ultrices vel, augue.","created_by":6,"cause":7},
{"post_id":88,"title":"Unity in Action","creation_date":"2023-08-04","text":"Proin risus. Praesent lectus. Vestibulum quam sapien, varius ut, blandit non, interdum in, ante. Vestibulum ante ipsum primis in faucibus orci luctus et ultrices posuere cubilia Curae; Duis faucibus accumsan odio. Curabitur convallis.","created_by":9,"cause":2},
{"post_id":89,"title":"Stand Up Against Oppression","creation_date":"2024-04-13","text":"Sed ante. Vivamus tortor. Duis mattis egestas metus.","created_by":2,"cause":4},
{"post_id":90,"title":"Demanding Justice Now","creation_date":"2024-01-12","text":"Morbi vel lectus in quam fringilla rhoncus. Mauris enim leo, rhoncus sed, vestibulum sit amet, cursus id, turpis. Integer aliquet, massa id lobortis convallis, tortor risus dapibus augue, vel accumsan tellus nisi eu orci.","created_by":10,"cause":7},
{"post_id":91,"title":"March Against Injustice","creation_date":"2023-01-29","text":"Vestibulum ante ipsum primis in faucibus orci luctus et ultrices posuere cubilia Curae; Mauris viverra diam vitae quam.","created_by":3,"cause":2},
{"post_id":92,"title":"Rallying for Rights","creation_date":"2023-10-28","text":"In est risus, auctor sed, tristique in, tempus sit amet, sem. Fusce consequat. Nulla nisl. Nunc nisl.","created_by":6,"cause":6},
{"post_id":93,"title":"Gathering for Equality","creation_date":"2023-02-14","text":"Nunc rhoncus dui vel sem. Sed sagittis. Nam congue, risus semper porta volutpat, quam pede lobortis ligula, sit amet eleifend pede libero quis orci. Nullam molestie nibh in lectus.","created_by":4,"cause":1},
{"post_id":94,"title":"Peaceful Protest Strategies","creation_date":"2024-03-03","text":"Vestibulum ante ipsum primis in faucibus orci luctus et ultrices posuere cubilia Curae; Mauris viverra diam vitae quam. Suspendisse potenti.","created_by":7,"cause":7},
{"post_id":95,"title":"Stand Up Against Oppression","creation_date":"2024-02-10","text":"Nam ultrices, libero non mattis pulvinar, nulla pede ullamcorper augue, a suscipit nulla elit ac nulla. Sed vel enim sit amet nunc viverra dapibus. Nulla suscipit ligula in lacus. Curabitur at ipsum ac tellus semper interdum. Mauris ullamcorper purus sit amet nulla.","created_by":6,"cause":4},
{"post_id":96,"title":"Peaceful Protest Strategies","creation_date":"2023-09-28","text":"Nullam orci pede, venenatis non, sodales sed, tincidunt eu, felis. Fusce posuere felis sed lacus.","created_by":5,"cause":5},
{"post_id":97,"title":"Unity in Action","creation_date":"2023-06-08","text":"Maecenas rhoncus aliquam lacus. Morbi quis tortor id nulla ultrices aliquet. Maecenas leo odio, condimentum id, luctus nec, molestie sed, justo. Pellentesque viverra pede ac diam.","created_by":8,"cause":6},
{"post_id":98,"title":"Stand Up Against Oppression","creation_date":"2023-09-09","text":"Vivamus tortor. Duis mattis egestas metus. Aenean fermentum.","created_by":9,"cause":2},
{"post_id":99,"title":"Peaceful Protest Strategies","creation_date":"2023-06-08","text":"Sed accumsan felis. Ut at dolor quis odio consequat varius.","created_by":2,"cause":1},
{"post_id":100,"title":"Inquiring Minds Unite","creation_date":"2023-10-25","text":"Maecenas pulvinar lobortis est. Phasellus sit amet erat. Nulla tempus.","created_by":3,"cause":3}]