[{"user":6,"protest":29},
{"user":10,"protest":80},
{"user":7,"protest":73},
{"user":7,"protest":10},
{"user":9,"protest":46},
{"user":1,"protest":41},
{"user":9,"protest":19},
{"user":10,"protest":71},
{"user":7,"protest":24},
{"user":9,"protest":56},
{"user":6,"protest":29},
{"user":10,"protest":82},
{"user":10,"protest":48},
{"user":6,"protest":53},
{"user":8,"protest":77},
{"user":2,"protest":63},
{"user":6,"protest":11},
{"user":3,"protest":57},
{"user":9,"protest":68},
{"user":8,"protest":64},
{"user":4,"protest":44},
{"user":8,"protest":72},
{"user":1,"protest":94},
{"user":9,"protest":24},
{"user":8,"protest":87},
{"user":6,"protest":66},
{"user":3,"protest":27},
{"user":7,"protest":30},
{"user":1,"protest":10},
{"user":8,"protest":21},
{"user":4,"protest":66},
{"user":7,"protest":41},
{"user":2,"protest":35},
{"user":7,"protest":3},
{"user":4,"protest":88},
{"user":3,"protest":41},
{"user":1,"protest":10},
{"user":2,"protest":25},
{"user":4,"protest":2},
{"user":9,"protest":29},
{"user":2,"protest":23},
{"user":4,"protest":48},
{"user":2,"protest":22},
{"user":10,"protest":89},
{"user":3,"protest":47},
{"user":9,"protest":58},
{"user":3,"protest":91},
{"user":7,"protest":63},
{"user":1,"protest":24},
{"user":2,"protest":75},
{"user":3,"protest":12},
{"user":4,"protest":59},
{"user":1,"protest":18},
{"user":3,"protest":84},
{"user":1,"protest":60},
{"user":4,"protest":4},
{"user":10,"protest":3},
{"user":6,"protest":12},
{"user":4,"protest":54},
{"user":10,"protest":93},
{"user":9,"protest":7},
{"user":2,"protest":56},
{"user":10,"protest":25},
{"user":9,"protest":7},
{"user":7,"protest":32},
{"user":10,"protest":36},
{"user":4,"protest":27},
{"user":8,"protest":38},
{"user":2,"protest":53},
{"user":5,"protest":42},
{"user":2,"protest":99},
{"user":7,"protest":13},
{"user":7,"protest":17},
{"user":6,"protest":48},
{"user":3,"protest":16},
{"user":4,"protest":43},
{"user":3,"protest":94},
{"user":2,"protest":23},
{"user":9,"protest":34},
{"user":7,"protest":27},
{"user":10,"protest":72},
{"user":7,"protest":32},
{"user":1,"protest":16},
{"user":8,"protest":89},
{"user":3,"protest":74},
{"user":4,"protest":91},
{"user":2,"protest":86},
{"user":5,"protest":23},
{"user":10,"protest":21},
{"user":7,"protest":93},
{"user":7,"protest":76},
{"user":6,"protest":77},
{"user":3,"protest":45},
{"user":1,"protest":72},
{"user":9,"protest":19},
{"user":7,"protest":55},
{"user":10,"protest":93},
{"user":6,"protest":8},
{"user":4,"protest":74},
{"user":8,"protest":27}]