[{"user":5,"protest":72},
{"user":6,"protest":31},
{"user":7,"protest":99},
{"user":5,"protest":55},
{"user":2,"protest":28},
{"user":5,"protest":91},
{"user":7,"protest":35},
{"user":10,"protest":50},
{"user":2,"protest":96},
{"user":7,"protest":50},
{"user":9,"protest":86},
{"user":7,"protest":72},
{"user":8,"protest":3},
{"user":8,"protest":74},
{"user":10,"protest":93},
{"user":1,"protest":27},
{"user":5,"protest":17},
{"user":7,"protest":47},
{"user":9,"protest":59},
{"user":5,"protest":56}]