[{"protest_id":1,"location":"Panggungsari","date":"2024-01-19","description":"Nullam varius. Nulla facilisi.","violent":0,"created_by":null,"country":"Malta","cause":5,"longitude":111.813634,"latitude":-8.1265731},
{"protest_id":2,"location":"Chotcza","date":"2020-03-27","description":"Morbi porttitor lorem id ligula.","violent":1,"created_by":null,"country":"Germany","cause":4,"longitude":21.4274273,"latitude":51.1227795},
{"protest_id":3,"location":"Changjiang","date":"2021-12-02","description":"Quisque erat eros, viverra eget, congue eget, semper rutrum, nulla. Nunc purus. Phasellus in felis. Donec semper sapien a libero.","violent":1,"created_by":2,"country":"Ireland","cause":6,"longitude":112.8915932,"latitude":30.5211502},
{"protest_id":4,"location":"Burunday","date":"2022-10-20","description":"Morbi non lectus.","violent":0,"created_by":3,"country":"Denmark","cause":1,"longitude":76.840271,"latitude":43.32756},
{"protest_id":5,"location":"Usa River","date":"2019-02-19","description":"Sed ante. Vivamus tortor. Duis mattis egestas metus. Aenean fermentum.","violent":1,"created_by":null,"country":"Italy","cause":4,"longitude":36.8398354,"latitude":-3.380978},
{"protest_id":6,"location":"Pesucen","date":"2022-06-30","description":"Nullam porttitor lacus at turpis. Donec posuere metus vitae ipsum. Aliquam non mauris.","violent":0,"created_by":null,"country":"Brazil","cause":6,"longitude":114.3014572,"latitude":-8.1574988},
{"protest_id":7,"location":"Leninogorsk","date":"2022-05-27","description":"Quisque erat eros, viverra eget, congue eget, semper rutrum, nulla. Nunc purus.","violent":0,"created_by":null,"country":"Brazil","cause":2,"longitude":52.4387134,"latitude":54.6001467},
{"protest_id":8,"location":"Grindavík","date":"2021-01-30","description":"Cras mi pede, malesuada in, imperdiet et, commodo vulputate, justo.","violent":1,"created_by":6,"country":"Albania","cause":6,"longitude":-22.410284,"latitude":63.839604},
{"protest_id":9,"location":"Puerto Galera","date":"2019-07-29","description":"Proin at turpis a pede posuere nonummy.","violent":0,"created_by":null,"country":"Sweden","cause":7,"longitude":120.9617948,"latitude":13.5218669},
{"protest_id":10,"location":"Zarechnyy","date":"2019-01-15","description":"In est risus, auctor sed, tristique in, tempus sit amet, sem. Fusce consequat. Nulla nisl.","violent":0,"created_by":4,"country":"Austria","cause":5,"longitude":73.328393,"latitude":54.982808},
{"protest_id":11,"location":"Hengliang","date":"2021-08-08","description":"Aenean sit amet justo. Morbi ut odio. Cras mi pede, malesuada in, imperdiet et, commodo vulputate, justo.","violent":0,"created_by":null,"country":"Iceland","cause":1,"longitude":118.930364,"latitude":32.31876},
{"protest_id":12,"location":"Magisterial","date":"2020-01-15","description":"Praesent blandit. Nam nulla. Integer pede justo, lacinia eget, tincidunt eget, tempus vel, pede.","violent":1,"created_by":null,"country":"Mexico","cause":7,"longitude":-99.110685,"latitude":19.2949759},
{"protest_id":13,"location":"Dawan","date":"2021-04-29","description":"Proin risus. Praesent lectus. Vestibulum quam sapien, varius ut, blandit non, interdum in, ante. Vestibulum ante ipsum primis in faucibus orci luctus et ultrices posuere cubilia Curae; Duis faucibus accumsan odio.","violent":1,"created_by":5,"country":"Ireland","cause":1,"longitude":115.4378152,"latitude":-8.5435854},
{"protest_id":14,"location":"Borås","date":"2021-11-11","description":"Vivamus tortor.","violent":0,"created_by":null,"country":"Romania","cause":3,"longitude":12.933356,"latitude":57.7197857},
{"protest_id":15,"location":"Sofádes","date":"2020-02-24","description":"In congue. Etiam justo.","violent":0,"created_by":4,"country":"Hungary","cause":4,"longitude":22.097651,"latitude":39.335659},
{"protest_id":16,"location":"Lichinga","date":"2022-06-18","description":"Quisque ut erat. Curabitur gravida nisi at nibh.","violent":1,"created_by":4,"country":"Brazil","cause":2,"longitude":35.2478112,"latitude":-13.3023564},
{"protest_id":17,"location":"Värnamo","date":"2021-06-22","description":"In hac habitasse platea dictumst. Maecenas ut massa quis augue luctus tincidunt. Nulla mollis molestie lorem. Quisque ut erat.","violent":0,"created_by":null,"country":"Malta","cause":7,"longitude":14.0338655,"latitude":57.2033415},
{"protest_id":18,"location":"Kálymnos","date":"2021-03-08","description":"Nulla mollis molestie lorem. Quisque ut erat. Curabitur gravida nisi at nibh. In hac habitasse platea dictumst.","violent":1,"created_by":null,"country":"Netherlands","cause":3,"longitude":26.9807653,"latitude":36.9522824},
{"protest_id":19,"location":"Szolnok","date":"2022-06-04","description":"Maecenas pulvinar lobortis est. Phasellus sit amet erat. Nulla tempus. Vivamus in felis eu sapien cursus vestibulum.","violent":1,"created_by":null,"country":"Australia","cause":7,"longitude":20.1974097,"latitude":47.1594836},
{"protest_id":20,"location":"Kasakh","date":"2021-07-08","description":"Vestibulum rutrum rutrum neque. Aenean auctor gravida sem. Praesent id massa id nisl venenatis lacinia. Aenean sit amet justo.","violent":0,"created_by":10,"country":"Spain","cause":5,"longitude":44.4514419,"latitude":40.2355256},
{"protest_id":21,"location":"Saint-Étienne","date":"2023-07-08","description":"Praesent blandit lacinia erat.","violent":1,"created_by":null,"country":"Belgium","cause":6,"longitude":4.3637137,"latitude":45.4815563},
{"protest_id":22,"location":"Ōnojō","date":"2023-12-04","description":"Aliquam erat volutpat.","violent":0,"created_by":null,"country":"India","cause":1,"longitude":137.0770574,"latitude":34.8383901},
{"protest_id":23,"location":"Yulin","date":"2024-02-25","description":"Morbi non quam nec dui luctus rutrum. Nulla tellus. In sagittis dui vel nisl.","violent":1,"created_by":1,"country":"Mexico","cause":7,"longitude":110.18122,"latitude":22.654032},
{"protest_id":24,"location":"Galyugayevskaya","date":"2021-04-14","description":"Cras in purus eu magna vulputate luctus. Cum sociis natoque penatibus et magnis dis parturient montes, nascetur ridiculus mus.","violent":0,"created_by":null,"country":"Brazil","cause":3,"longitude":44.93444,"latitude":43.69694},
{"protest_id":25,"location":"Toupi","date":"2019-08-12","description":"In hac habitasse platea dictumst. Aliquam augue quam, sollicitudin vitae, consectetuer eget, rutrum at, lorem. Integer tincidunt ante vel ipsum.","violent":1,"created_by":8,"country":"Portugal","cause":6,"longitude":116.19359,"latitude":26.751281},
{"protest_id":26,"location":"Gon’ba","date":"2022-10-02","description":"Mauris sit amet eros.","violent":1,"created_by":4,"country":"Serbia","cause":2,"longitude":83.5779817,"latitude":53.4154689},
{"protest_id":27,"location":"Zhaowanzhuang","date":"2022-06-02","description":"Morbi a ipsum. Integer a nibh. In quis justo.","violent":1,"created_by":5,"country":"Canada","cause":5,"longitude":116.087054,"latitude":35.242057},
{"protest_id":28,"location":"Ugac Sur","date":"2023-02-25","description":"Phasellus sit amet erat. Nulla tempus. Vivamus in felis eu sapien cursus vestibulum.","violent":1,"created_by":10,"country":"Albania","cause":3,"longitude":121.7177272,"latitude":17.6102139},
{"protest_id":29,"location":"Rojas","date":"2020-02-10","description":"Donec semper sapien a libero. Nam dui. Proin leo odio, porttitor id, consequat in, consequat ut, nulla. Sed accumsan felis.","violent":0,"created_by":null,"country":"Denmark","cause":2,"longitude":-58.4464356,"latitude":-34.6089515},
{"protest_id":30,"location":"Al Fūlah","date":"2019-11-21","description":"Proin leo odio, porttitor id, consequat in, consequat ut, nulla.","violent":0,"created_by":4,"country":"Singapore","cause":1,"longitude":28.3578828,"latitude":11.7315405},
{"protest_id":31,"location":"Paris La Défense","date":"2022-08-09","description":"Ut at dolor quis odio consequat varius. Integer ac leo. Pellentesque ultrices mattis odio. Donec vitae nisi.","violent":1,"created_by":null,"country":"Denmark","cause":4,"longitude":2.233089,"latitude":48.892701},
{"protest_id":32,"location":"Nginokrajan","date":"2021-08-21","description":"Maecenas rhoncus aliquam lacus. Morbi quis tortor id nulla ultrices aliquet.","violent":1,"created_by":2,"country":"Belgium","cause":7,"longitude":112.0647,"latitude":-6.9936},
{"protest_id":33,"location":"Jurak Lao’","date":"2019-03-18","description":"Quisque porta volutpat erat. Quisque erat eros, viverra eget, congue eget, semper rutrum, nulla.","violent":1,"created_by":8,"country":"Estonia","cause":1,"longitude":109.325464,"latitude":-0.0142486},
{"protest_id":34,"location":"Sanhu","date":"2019-09-01","description":"Mauris ullamcorper purus sit amet nulla. Quisque arcu libero, rutrum ac, lobortis vel, dapibus at, diam. Nam tristique tortor eu pede.","violent":0,"created_by":null,"country":"Colombia","cause":2,"longitude":113.6710978,"latitude":23.2008019},
{"protest_id":35,"location":"Mirimire","date":"2023-01-09","description":"Vivamus in felis eu sapien cursus vestibulum. Proin eu mi.","violent":0,"created_by":null,"country":"Thailand","cause":3,"longitude":-68.7259306,"latitude":11.1626327},
{"protest_id":36,"location":"Morón","date":"2020-03-23","description":"Mauris sit amet eros. Suspendisse accumsan tortor quis turpis.","violent":0,"created_by":null,"country":"Estonia","cause":5,"longitude":-78.6228504,"latitude":22.0897108},
{"protest_id":37,"location":"Kalej","date":"2020-11-15","description":"In tempor, turpis nec euismod scelerisque, quam turpis adipiscing lorem, vitae mattis nibh ligula nec sem. Duis aliquam convallis nunc. Proin at turpis a pede posuere nonummy. Integer non velit.","violent":1,"created_by":null,"country":"Greece","cause":6,"longitude":-80.6150117,"latitude":41.0213628},
{"protest_id":38,"location":"Pridonskoy","date":"2019-01-01","description":"Integer pede justo, lacinia eget, tincidunt eget, tempus vel, pede. Morbi porttitor lorem id ligula.","violent":0,"created_by":null,"country":"Ireland","cause":7,"longitude":39.0891762,"latitude":51.6521236},
{"protest_id":39,"location":"Paris 19","date":"2023-04-19","description":"Cum sociis natoque penatibus et magnis dis parturient montes, nascetur ridiculus mus.","violent":1,"created_by":1,"country":"Albania","cause":1,"longitude":5.8978018,"latitude":43.4945737},
{"protest_id":40,"location":"Américo Brasiliense","date":"2020-12-28","description":"Duis mattis egestas metus.","violent":0,"created_by":3,"country":"Mexico","cause":5,"longitude":-48.0605108,"latitude":-21.7300823},
{"protest_id":41,"location":"Suchy Dąb","date":"2020-03-17","description":"Mauris sit amet eros. Suspendisse accumsan tortor quis turpis. Sed ante. Vivamus tortor.","violent":1,"created_by":null,"country":"United Kingdom","cause":7,"longitude":18.7647749,"latitude":54.2315533},
{"protest_id":42,"location":"Sayama","date":"2023-03-11","description":"Aenean lectus. Pellentesque eget nunc. Donec quis orci eget orci vehicula condimentum. Curabitur in libero ut massa volutpat convallis.","violent":0,"created_by":null,"country":"Japan","cause":3,"longitude":131.3494901,"latitude":34.0313411},
{"protest_id":43,"location":"Khao Kho","date":"2021-06-10","description":"In quis justo. Maecenas rhoncus aliquam lacus. Morbi quis tortor id nulla ultrices aliquet.","violent":1,"created_by":5,"country":"United Kingdom","cause":6,"longitude":101.0118776,"latitude":16.6482598},
{"protest_id":44,"location":"General Pinedo","date":"2023-10-20","description":"Fusce congue, diam id ornare imperdiet, sapien urna pretium nisl, ut volutpat sapien arcu sed augue. Aliquam erat volutpat.","violent":1,"created_by":null,"country":"Serbia","cause":4,"longitude":-58.3762722,"latitude":-34.679347},
{"protest_id":45,"location":"Baima","date":"2023-03-11","description":"Praesent lectus. Vestibulum quam sapien, varius ut, blandit non, interdum in, ante. Vestibulum ante ipsum primis in faucibus orci luctus et ultrices posuere cubilia Curae; Duis faucibus accumsan odio.","violent":1,"created_by":7,"country":"Italy","cause":1,"longitude":104.990101,"latitude":29.528923},
{"protest_id":46,"location":"Paipu","date":"2023-07-17","description":"Praesent lectus. Vestibulum quam sapien, varius ut, blandit non, interdum in, ante. Vestibulum ante ipsum primis in faucibus orci luctus et ultrices posuere cubilia Curae; Duis faucibus accumsan odio.","violent":1,"created_by":null,"country":"Kosovo","cause":4,"longitude":116.342934,"latitude":22.980665},
{"protest_id":47,"location":"São João de Caparica","date":"2019-02-16","description":"Maecenas leo odio, condimentum id, luctus nec, molestie sed, justo. Pellentesque viverra pede ac diam. Cras pellentesque volutpat dui. Maecenas tristique, est et tempus semper, est quam pharetra magna, ac consequat metus sapien ut nunc.","violent":0,"created_by":null,"country":"Philippines","cause":2,"longitude":-9.2406619,"latitude":38.661678},
{"protest_id":48,"location":"Krajan Gajihan","date":"2020-02-02","description":"Aliquam non mauris. Morbi non lectus.","violent":1,"created_by":null,"country":"Singapore","cause":3,"longitude":110.6013327,"latitude":-7.6185371},
{"protest_id":49,"location":"Los Palacios","date":"2023-10-21","description":"Pellentesque at nulla.","violent":1,"created_by":null,"country":"Serbia","cause":7,"longitude":-83.2425711,"latitude":22.588115},
{"protest_id":50,"location":"Huichang","date":"2023-01-31","description":"Nunc purus. Phasellus in felis. Donec semper sapien a libero.","violent":1,"created_by":1,"country":"Latvia","cause":5,"longitude":115.786056,"latitude":25.600272},
{"protest_id":51,"location":"Riachos","date":"2019-01-19","description":"In blandit ultrices enim. Lorem ipsum dolor sit amet, consectetuer adipiscing elit. Proin interdum mauris non ligula pellentesque ultrices.","violent":1,"created_by":6,"country":"France","cause":3,"longitude":-8.5116903,"latitude":39.4381452},
{"protest_id":52,"location":"Vellinge","date":"2024-03-28","description":"Integer ac leo. Pellentesque ultrices mattis odio. Donec vitae nisi.","violent":1,"created_by":null,"country":"Ireland","cause":3,"longitude":12.9658307,"latitude":55.496478},
{"protest_id":53,"location":"San Juan","date":"2021-06-26","description":"Integer non velit. Donec diam neque, vestibulum eget, vulputate ut, ultrices vel, augue. Vestibulum ante ipsum primis in faucibus orci luctus et ultrices posuere cubilia Curae; Donec pharetra, magna vestibulum aliquet ultrices, erat tortor sollicitudin mi, sit amet lobortis sapien sapien non mi. Integer ac neque.","violent":0,"created_by":null,"country":"Finland","cause":7,"longitude":121.0317737,"latitude":14.565668},
{"protest_id":54,"location":"Carrascal","date":"2019-01-24","description":"Morbi a ipsum. Integer a nibh.","violent":1,"created_by":null,"country":"Luxembourg","cause":2,"longitude":-7.9808794,"latitude":39.7213971},
{"protest_id":55,"location":"Sakura","date":"2021-12-28","description":"Donec ut mauris eget massa tempor convallis.","violent":0,"created_by":null,"country":"Jamaica","cause":4,"longitude":140.8706157,"latitude":38.1086472},
{"protest_id":56,"location":"Kapsan-ŭp","date":"2019-01-07","description":"Maecenas rhoncus aliquam lacus. Morbi quis tortor id nulla ultrices aliquet. Maecenas leo odio, condimentum id, luctus nec, molestie sed, justo.","violent":0,"created_by":7,"country":"United States","cause":6,"longitude":128.29333,"latitude":41.09028},
{"protest_id":57,"location":"Ikar","date":"2023-02-14","description":"Integer non velit. Donec diam neque, vestibulum eget, vulputate ut, ultrices vel, augue.","violent":1,"created_by":null,"country":"Mongolia","cause":1,"longitude":115.2402986,"latitude":-8.615202},
{"protest_id":58,"location":"Chakaray","date":"2021-11-28","description":"Morbi vel lectus in quam fringilla rhoncus. Mauris enim leo, rhoncus sed, vestibulum sit amet, cursus id, turpis. Integer aliquet, massa id lobortis convallis, tortor risus dapibus augue, vel accumsan tellus nisi eu orci.","violent":0,"created_by":null,"country":"Israel","cause":6,"longitude":69.4377,"latitude":34.34099},
{"protest_id":59,"location":"Matnah","date":"2022-03-08","description":"Proin leo odio, porttitor id, consequat in, consequat ut, nulla. Sed accumsan felis.","violent":1,"created_by":null,"country":"Italy","cause":7,"longitude":44.0270562,"latitude":15.2525945},
{"protest_id":60,"location":"Zabłocie","date":"2020-03-21","description":"Nullam molestie nibh in lectus.","violent":0,"created_by":null,"country":"Singapore","cause":1,"longitude":16.611189,"latitude":51.0610829},
{"protest_id":61,"location":"Ji’ergele Teguoleng","date":"2023-06-05","description":"Nullam molestie nibh in lectus.","violent":0,"created_by":null,"country":"Latvia","cause":3,"longitude":84.17916,"latitude":44.35542},
{"protest_id":62,"location":"Yengimahalla","date":"2023-03-09","description":"Donec semper sapien a libero. Nam dui. Proin leo odio, porttitor id, consequat in, consequat ut, nulla.","violent":1,"created_by":6,"country":"Norway","cause":6,"longitude":82.63142,"latitude":41.356361},
{"protest_id":63,"location":"Vynohradiv","date":"2022-05-16","description":"Fusce consequat. Nulla nisl. Nunc nisl. Duis bibendum, felis sed interdum venenatis, turpis enim blandit mi, in porttitor pede justo eu massa.","violent":0,"created_by":4,"country":"Switzerland","cause":1,"longitude":23.0302123,"latitude":48.1463491},
{"protest_id":64,"location":"Calçada","date":"2021-08-11","description":"Aliquam quis turpis eget elit sodales scelerisque. Mauris sit amet eros. Suspendisse accumsan tortor quis turpis.","violent":0,"created_by":null,"country":"Italy","cause":6,"longitude":-8.6450785,"latitude":42.0328151},
{"protest_id":65,"location":"Stockholm","date":"2023-11-25","description":"Proin leo odio, porttitor id, consequat in, consequat ut, nulla. Sed accumsan felis. Ut at dolor quis odio consequat varius.","violent":1,"created_by":null,"country":"Canada","cause":1,"longitude":18.0667759,"latitude":59.3405742},
{"protest_id":66,"location":"Vancouver","date":"2021-07-19","description":"Nulla ut erat id mauris vulputate elementum.","violent":0,"created_by":2,"country":"Hungary","cause":3,"longitude":-122.52,"latitude":45.63},
{"protest_id":67,"location":"Ruoqiang","date":"2023-11-07","description":"Nulla ac enim. In tempor, turpis nec euismod scelerisque, quam turpis adipiscing lorem, vitae mattis nibh ligula nec sem. Duis aliquam convallis nunc. Proin at turpis a pede posuere nonummy.","violent":1,"created_by":null,"country":"United Kingdom","cause":1,"longitude":88.166695,"latitude":39.024258},
{"protest_id":68,"location":"Nuštar","date":"2020-04-02","description":"Nulla tellus. In sagittis dui vel nisl.","violent":0,"created_by":1,"country":"Hungary","cause":4,"longitude":18.8818902,"latitude":45.3098715},
{"protest_id":69,"location":"Yuzhou","date":"2019-05-10","description":"Nam ultrices, libero non mattis pulvinar, nulla pede ullamcorper augue, a suscipit nulla elit ac nulla.","violent":1,"created_by":null,"country":"Philippines","cause":5,"longitude":120.585289,"latitude":31.298974},
{"protest_id":70,"location":"Mirów","date":"2020-10-01","description":"Phasellus in felis. Donec semper sapien a libero.","violent":1,"created_by":null,"country":"Ireland","cause":7,"longitude":19.46436,"latitude":50.614436},
{"protest_id":71,"location":"Welkom","date":"2024-05-17","description":"Maecenas leo odio, condimentum id, luctus nec, molestie sed, justo. Pellentesque viverra pede ac diam. Cras pellentesque volutpat dui.","violent":1,"created_by":null,"country":"Kosovo","cause":5,"longitude":26.77027,"latitude":-27.9699645},
{"protest_id":72,"location":"Zawichost","date":"2021-02-04","description":"Maecenas tristique, est et tempus semper, est quam pharetra magna, ac consequat metus sapien ut nunc. Vestibulum ante ipsum primis in faucibus orci luctus et ultrices posuere cubilia Curae; Mauris viverra diam vitae quam. Suspendisse potenti. Nullam porttitor lacus at turpis.","violent":1,"created_by":null,"country":"Portugal","cause":3,"longitude":21.8528832,"latitude":50.8075698},
{"protest_id":73,"location":"Bordeaux","date":"2023-01-15","description":"Morbi porttitor lorem id ligula. Suspendisse ornare consequat lectus. In est risus, auctor sed, tristique in, tempus sit amet, sem.","violent":1,"created_by":null,"country":"Spain","cause":5,"longitude":-0.5494198,"latitude":44.8445542},
{"protest_id":74,"location":"Yangjiapo","date":"2023-08-14","description":"Aliquam erat volutpat. In congue. Etiam justo.","violent":0,"created_by":null,"country":"Norway","cause":1,"longitude":111.982232,"latitude":21.857958},
{"protest_id":75,"location":"Dayr Abū Ḑa‘īf","date":"2021-05-02","description":"Nam tristique tortor eu pede.","violent":0,"created_by":null,"country":"Portugal","cause":6,"longitude":35.364922,"latitude":32.456061},
{"protest_id":76,"location":"Sambava","date":"2022-03-13","description":"Integer pede justo, lacinia eget, tincidunt eget, tempus vel, pede.","violent":1,"created_by":5,"country":"Albania","cause":7,"longitude":50.1678121,"latitude":-14.2713338},
{"protest_id":77,"location":"Kuznetsovs’k","date":"2019-01-01","description":"Mauris sit amet eros. Suspendisse accumsan tortor quis turpis. Sed ante. Vivamus tortor.","violent":0,"created_by":null,"country":"Germany","cause":2,"longitude":25.8490867,"latitude":51.3436553},
{"protest_id":78,"location":"Madīnat ash Shamāl","date":"2019-01-30","description":"In quis justo. Maecenas rhoncus aliquam lacus. Morbi quis tortor id nulla ultrices aliquet. Maecenas leo odio, condimentum id, luctus nec, molestie sed, justo.","violent":0,"created_by":null,"country":"Japan","cause":5,"longitude":51.3385684,"latitude":25.9210961},
{"protest_id":79,"location":"Rio Piracicaba","date":"2024-01-14","description":"In sagittis dui vel nisl.","violent":1,"created_by":null,"country":"Mongolia","cause":4,"longitude":-43.1359542,"latitude":-19.9661142},
{"protest_id":80,"location":"Zeerust","date":"2021-07-22","description":"Phasellus id sapien in sapien iaculis congue. Vivamus metus arcu, adipiscing molestie, hendrerit at, vulputate vitae, nisl. Aenean lectus.","violent":0,"created_by":1,"country":"Albania","cause":7,"longitude":26.07191,"latitude":-25.5468699},
{"protest_id":81,"location":"Nishio","date":"2024-02-07","description":"Donec odio justo, sollicitudin ut, suscipit a, feugiat et, eros. Vestibulum ac est lacinia nisi venenatis tristique. Fusce congue, diam id ornare imperdiet, sapien urna pretium nisl, ut volutpat sapien arcu sed augue. Aliquam erat volutpat.","violent":1,"created_by":3,"country":"Iceland","cause":1,"longitude":139.7874841,"latitude":37.4056028},
{"protest_id":82,"location":"Xushuguan","date":"2021-05-08","description":"Quisque porta volutpat erat. Quisque erat eros, viverra eget, congue eget, semper rutrum, nulla. Nunc purus. Phasellus in felis.","violent":1,"created_by":4,"country":"Slovenia","cause":2,"longitude":121.4228893,"latitude":31.1429853},
{"protest_id":83,"location":"Golcowa","date":"2022-10-23","description":"Morbi non lectus. Aliquam sit amet diam in magna bibendum imperdiet. Nullam orci pede, venenatis non, sodales sed, tincidunt eu, felis. Fusce posuere felis sed lacus.","violent":0,"created_by":null,"country":"Norway","cause":1,"longitude":22.0252771,"latitude":49.7708764},
{"protest_id":84,"location":"Welisara","date":"2019-04-15","description":"Duis bibendum, felis sed interdum venenatis, turpis enim blandit mi, in porttitor pede justo eu massa. Donec dapibus. Duis at velit eu est congue elementum.","violent":1,"created_by":null,"country":"Austria","cause":5,"longitude":79.9020405,"latitude":7.0241972},
{"protest_id":85,"location":"Itumbiara","date":"2023-01-08","description":"In tempor, turpis nec euismod scelerisque, quam turpis adipiscing lorem, vitae mattis nibh ligula nec sem. Duis aliquam convallis nunc. Proin at turpis a pede posuere nonummy.","violent":0,"created_by":null,"country":"Austria","cause":7,"longitude":-49.2162908,"latitude":-18.4097245},
{"protest_id":86,"location":"Salt Lake City","date":"2023-01-28","description":"Morbi ut odio.","violent":1,"created_by":4,"country":"Philippines","cause":4,"longitude":-111.94,"latitude":40.7},
{"protest_id":87,"location":"Paris 13","date":"2022-02-16","description":"Quisque porta volutpat erat. Quisque erat eros, viverra eget, congue eget, semper rutrum, nulla. Nunc purus. Phasellus in felis.","violent":0,"created_by":null,"country":"Uruguay","cause":3,"longitude":2.3757659,"latitude":48.8335842},
{"protest_id":88,"location":"Wadung","date":"2022-04-11","description":"Etiam faucibus cursus urna. Ut tellus. Nulla ut erat id mauris vulputate elementum.","violent":1,"created_by":null,"country":"Belgium","cause":5,"longitude":111.9075351,"latitude":-7.0448624},
{"protest_id":89,"location":"Micheng","date":"2019-11-19","description":"Nam nulla. Integer pede justo, lacinia eget, tincidunt eget, tempus vel, pede. Morbi porttitor lorem id ligula. Suspendisse ornare consequat lectus.","violent":0,"created_by":7,"country":"Kosovo","cause":6,"longitude":115.008163,"latitude":31.172739},
{"protest_id":90,"location":"Tongyuanpu","date":"2020-12-10","description":"In hac habitasse platea dictumst. Etiam faucibus cursus urna. Ut tellus. Nulla ut erat id mauris vulputate elementum.","violent":1,"created_by":null,"country":"India","cause":7,"longitude":123.9253791,"latitude":40.796787},
{"protest_id":91,"location":"Haninge","date":"2022-06-15","description":"Suspendisse ornare consequat lectus. In est risus, auctor sed, tristique in, tempus sit amet, sem. Fusce consequat.","violent":0,"created_by":10,"country":"Japan","cause":5,"longitude":18.236243,"latitude":59.1743158},
{"protest_id":92,"location":"Matiguás","date":"2022-11-17","description":"Sed accumsan felis.","violent":0,"created_by":3,"country":"Albania","cause":1,"longitude":-85.4607639,"latitude":12.8383201},
{"protest_id":93,"location":"Paraipaba","date":"2021-05-10","description":"Donec vitae nisi.","violent":0,"created_by":4,"country":"Iceland","cause":7,"longitude":-39.1482174,"latitude":-3.4383637},
{"protest_id":94,"location":"Zhongxi","date":"2020-09-08","description":"Pellentesque at nulla. Suspendisse potenti. Cras in purus eu magna vulputate luctus.","violent":1,"created_by":null,"country":"Israel","cause":5,"longitude":114.1237079,"latitude":22.5346419},
{"protest_id":95,"location":"Osório","date":"2022-08-28","description":"In eleifend quam a odio. In hac habitasse platea dictumst. Maecenas ut massa quis augue luctus tincidunt.","violent":1,"created_by":null,"country":"India","cause":2,"longitude":-50.247365,"latitude":-29.899528},
{"protest_id":96,"location":"Gonghe","date":"2019-06-02","description":"Vestibulum ante ipsum primis in faucibus orci luctus et ultrices posuere cubilia Curae; Duis faucibus accumsan odio. Curabitur convallis.","violent":1,"created_by":null,"country":"Romania","cause":4,"longitude":100.620031,"latitude":36.284107},
{"protest_id":97,"location":"Sanqiao","date":"2020-05-15","description":"Nullam varius. Nulla facilisi. Cras non velit nec nisi vulputate nonummy. Maecenas tincidunt lacus at velit.","violent":0,"created_by":null,"country":"Uruguay","cause":3,"longitude":107.77215,"latitude":34.943098},
{"protest_id":98,"location":"Pugeran","date":"2020-09-09","description":"Aliquam non mauris. Morbi non lectus. Aliquam sit amet diam in magna bibendum imperdiet.","violent":1,"created_by":null,"country":"Belgium","cause":1,"longitude":110.7465164,"latitude":-7.7037789},
{"protest_id":99,"location":"Peyima","date":"2022-03-04","description":"Curabitur gravida nisi at nibh. In hac habitasse platea dictumst.","violent":1,"created_by":null,"country":"Indonesia","cause":6,"longitude":-11.044307,"latitude":8.7550575},
{"protest_id":100,"location":"Jablonné nad Orlicí","date":"2019-08-29","description":"Morbi sem mauris, laoreet ut, rhoncus aliquet, pulvinar sed, nisl. Nunc rhoncus dui vel sem. Sed sagittis. Nam congue, risus semper porta volutpat, quam pede lobortis ligula, sit amet eleifend pede libero quis orci.","violent":0,"created_by":null,"country":"Austria","cause":7,"longitude":16.6005976,"latitude":50.0296342}]