[{"user_id":1,"first_name":"Christen","last_name":"Simacek","email":"csimacek0@admin.ch","country":"Sweden","user_type":"Journalist","party":null},
{"user_id":2,"first_name":"Filippa","last_name":"Irvin","email":"firvin1@prnewswire.com","country":"Israel","user_type":"Journalist","party":null},
{"user_id":3,"first_name":"Gleda","last_name":"Greenacre","email":"ggreenacre2@networkadvertising.org","country":"Uruguay","user_type":"Journalist","party":null},
{"user_id":4,"first_name":"Julieta","last_name":"Ballantine","email":"jballantine3@moonfruit.com","country":"Philippines","user_type":"Politician","party":"Democratic"},
{"user_id":5,"first_name":"Fay","last_name":"Sallenger","email":"fsallenger4@odnoklassniki.ru","country":"Finland","user_type":"Journalist","party":null},
{"user_id":6,"first_name":"Bartel","last_name":"Valder","email":"bvalder5@1und1.de","country":"Slovenia","user_type":"Activist","party":null},
{"user_id":7,"first_name":"Lyn","last_name":"Nuschke","email":"lnuschke6@merriam-webster.com","country":"Jamaica","user_type":"Journalist","party":null},
{"user_id":8,"first_name":"Nariko","last_name":"MacGlory","email":"nmacglory7@hao123.com","country":"Jamaica","user_type":"Politician","party":"Democratic"},
{"user_id":9,"first_name":"Sheff","last_name":"Baskett","email":"sbaskett8@about.me","country":"Costa Rica","user_type":"Journalist","party":null},
{"user_id":10,"first_name":"Ronald","last_name":"Davion","email":"rdavion9@ibm.com","country":"Poland","user_type":"Activist","party":null}]