[{"user":5,"interests":"political movements"},
{"user":9,"interests":"candidates"},
{"user":2,"interests":"political movements"},
{"user":2,"interests":"parties"},
{"user":9,"interests":"political ideologies"},
{"user":3,"interests":"political parties"},
{"user":4,"interests":"lobbying"},
{"user":3,"interests":"political violence"},
{"user":2,"interests":"political ideologies"},
{"user":6,"interests":"political movements"},
{"user":4,"interests":"protesters"},
{"user":9,"interests":"political activism"},
{"user":4,"interests":"grassroots movements"},
{"user":9,"interests":"political reform"},
{"user":6,"interests":"public policy"},
{"user":6,"interests":"voters"},
{"user":7,"interests":"civil rights"},
{"user":10,"interests":"politics"},
{"user":6,"interests":"political ideologies"},
{"user":2,"interests":"political history"},
{"user":9,"interests":"elections"},
{"user":10,"interests":"political reform"},
{"user":5,"interests":"political science"},
{"user":1,"interests":"legislation"},
{"user":6,"interests":"voting"},
{"user":9,"interests":"social justice"},
{"user":4,"interests":"political movements"},
{"user":7,"interests":"political activism"},
{"user":6,"interests":"public policy"},
{"user":3,"interests":"political history"},
{"user":2,"interests":"political science"},
{"user":4,"interests":"politics"},
{"user":1,"interests":"rallies"},
{"user":4,"interests":"lobbying"},
{"user":10,"interests":"rallies"},
{"user":5,"interests":"political parties"},
{"user":3,"interests":"protesters"},
{"user":6,"interests":"public policy"},
{"user":7,"interests":"protesters"},
{"user":5,"interests":"rallies"},
{"user":6,"interests":"political parties"},
{"user":2,"interests":"protesters"},
{"user":2,"interests":"parties"},
{"user":10,"interests":"elections"},
{"user":3,"interests":"political ideologies"},
{"user":9,"interests":"elections"},
{"user":4,"interests":"candidates"},
{"user":8,"interests":"political movements"},
{"user":4,"interests":"civil rights"},
{"user":9,"interests":"parties"},
{"user":3,"interests":"policy"},
{"user":8,"interests":"lobbying"},
{"user":3,"interests":"political campaigns"},
{"user":9,"interests":"government"},
{"user":4,"interests":"voters"},
{"user":5,"interests":"government"},
{"user":2,"interests":"political movements"},
{"user":4,"interests":"social justice"},
{"user":10,"interests":"politics"},
{"user":5,"interests":"demonstrations"},
{"user":3,"interests":"parties"},
{"user":1,"interests":"political science"},
{"user":5,"interests":"civil rights"},
{"user":5,"interests":"grassroots movements"},
{"user":7,"interests":"legislation"},
{"user":2,"interests":"campaigns"},
{"user":9,"interests":"social justice"},
{"user":4,"interests":"lobbying"},
{"user":10,"interests":"candidates"},
{"user":5,"interests":"policy"},
{"user":8,"interests":"protests"},
{"user":2,"interests":"political theory"},
{"user":5,"interests":"political parties"},
{"user":4,"interests":"activism"},
{"user":6,"interests":"candidates"},
{"user":4,"interests":"activism"},
{"user":3,"interests":"civil rights"},
{"user":10,"interests":"political history"},
{"user":8,"interests":"campaigns"},
{"user":5,"interests":"lobbying"},
{"user":7,"interests":"civil rights"},
{"user":4,"interests":"activism"},
{"user":7,"interests":"grassroots movements"},
{"user":9,"interests":"candidates"},
{"user":10,"interests":"campaigns"},
{"user":7,"interests":"political parties"},
{"user":8,"interests":"elections"},
{"user":3,"interests":"political science"},
{"user":1,"interests":"political activism"},
{"user":2,"interests":"political parties"},
{"user":10,"interests":"demonstrations"},
{"user":7,"interests":"civil rights"},
{"user":1,"interests":"activism"},
{"user":3,"interests":"government"},
{"user":7,"interests":"public policy"},
{"user":4,"interests":"social justice"},
{"user":9,"interests":"public policy"},
{"user":6,"interests":"voters"},
{"user":2,"interests":"politics"},
{"user":10,"interests":"political campaigns"}]